1686494808.801,2023-06-11 14:46:48.801,0,1000.0,0.8749999920837439,0,9.898487025105908,78272324696,null_state
1686494809.371,2023-06-11 14:46:49.371,0,1000.0,0.8749999920837439,0,9.898487025105908,78272649501,null_state
1686494809.904,2023-06-11 14:46:49.904,0,1000.0,0.7499999977881089,0,9.909370684394478,78273110475,null_state
1686494810.431,2023-06-11 14:46:50.431,0,1000.0,0.7499999977881089,0,9.909370684394478,78273382471,null_state
1686494810.961,2023-06-11 14:46:50.961,0,1000.0,1.500000004307367,0,9.908944113201755,78273654889,null_state
1686494811.489,2023-06-11 14:46:51.489,0,1000.0,1.500000004307367,0,9.908944113201755,78273917726,null_state
1686494812.014,2023-06-11 14:46:52.014,0,1000.0,0.1250000059371814,0,9.900753946301512,78274181406,null_state
1686494812.544,2023-06-11 14:46:52.544,0,1000.0,0.1250000059371814,0,9.900753946301512,78274473378,null_state
1686494813.087,2023-06-11 14:46:53.087,0,1000.0,0.9999999922001734,0,9.894989141325595,78274739485,null_state
1686494813.61,2023-06-11 14:46:53.610,0,1000.0,0.9999999922001734,0,9.894989141325595,78275025359,null_state
1686494814.137,2023-06-11 14:46:54.137,0,1000.0,1.5000000013969839,0,9.899522983716802,78275296369,null_state
1686494814.663,2023-06-11 14:46:54.663,0,1000.0,1.5000000013969839,0,9.899522983716802,78275561116,null_state
1686494815.193,2023-06-11 14:46:55.193,0,1000.0,0.6249999976716936,0,9.913295139367511,78275854583,null_state
1686494815.72,2023-06-11 14:46:55.720,0,1000.0,0.6249999976716936,0,9.913295139367511,78276101583,null_state
1686494816.247,2023-06-11 14:46:56.247,0,1000.0,1.4375000086147196,0,9.945324542066684,78276382462,null_state
1686494816.771,2023-06-11 14:46:56.771,0,1000.0,0.6250000005820624,0,9.923971606933902,78276657685,null_state
1686494817.302,2023-06-11 14:46:57.302,0,1000.0,0.6250000005820624,0,9.923971606933902,78276895540,null_state
1686494817.829,2023-06-11 14:46:57.829,0,1000.0,1.937499997438863,0,9.943155122857988,78277182449,null_state
1686494818.357,2023-06-11 14:46:58.357,0,1000.0,1.937499997438863,0,9.943155122857988,78277423843,null_state
1686494818.881,2023-06-11 14:46:58.881,0,1000.0,1.062499999534353,0,9.930175170850903,78277716498,null_state
1686494819.412,2023-06-11 14:46:59.412,0,1000.0,1.062499999534353,0,9.930175170850903,78277982103,null_state
1686494819.947,2023-06-11 14:46:59.947,0,1000.0,0.3125000017462298,0,9.944556713919786,78278377924,null_state
1686494820.472,2023-06-11 14:47:00.472,0,1000.0,0.3125000017462298,0,9.944556713919786,78278656315,null_state
1686494821.018,2023-06-11 14:47:01.018,0,1000.0,0.8749999979045242,0,9.97380730999209,78278921532,null_state
1686494821.544,2023-06-11 14:47:01.544,0,1000.0,0.8749999979045242,0,9.97380730999209,78279171119,null_state
1686494822.07,2023-06-11 14:47:02.070,0,1000.0,1.4374999940628044,0,9.973990126217542,78279445234,null_state
1686494822.595,2023-06-11 14:47:02.595,0,1000.0,1.4374999940628044,0,9.973990126217542,78279745574,null_state
1686494823.122,2023-06-11 14:47:03.122,0,1000.0,0.43750000186264515,0,9.953673149695653,78280024297,null_state
1686494823.647,2023-06-11 14:47:03.647,0,1000.0,0.43750000186264515,0,9.953673149695653,78280298568,null_state
1686494824.174,2023-06-11 14:47:04.174,0,1000.0,1.6249999986030303,0,9.965714645078751,78280573003,null_state
1686494824.71,2023-06-11 14:47:04.710,0,1000.0,1.6249999986030303,0,9.965714645078751,78280841129,null_state
1686494825.24,2023-06-11 14:47:05.240,0,1000.0,0.9374999994179234,0,9.961473308648268,78281123625,null_state
1686494825.767,2023-06-11 14:47:05.767,0,1000.0,0.9374999994179234,0,9.990163268295852,78281389555,null_state
1686494826.292,2023-06-11 14:47:06.292,0,1000.0,0.9374999994179092,0,9.990163268295852,78281639809,null_state
1686494826.959,2023-06-11 14:47:06.959,0,1000.0,0.9375000023283206,0,9.975562345756426,78281941901,null_state
1686494827.483,2023-06-11 14:47:07.483,0,1000.0,0.9375000023283206,0,9.975562345756426,78282204697,null_state
1686494828.009,2023-06-11 14:47:08.009,0,1000.0,0.8750000037252761,0,9.961887692092626,78282541760,null_state
1686494828.537,2023-06-11 14:47:08.537,0,1000.0,0.8750000037252761,0,9.961887692092626,78282800630,null_state
1686494829.071,2023-06-11 14:47:09.071,0,1000.0,1.562499997089617,0,9.954014406649831,78283090726,null_state
1686494829.61,2023-06-11 14:47:09.610,0,1000.0,1.562499997089617,0,9.954014406649831,78283446382,null_state
1686494830.139,2023-06-11 14:47:10.139,0,1000.0,0.9999999980209395,0,9.955696315923989,78283713322,null_state
1686494830.667,2023-06-11 14:47:10.667,0,1000.0,0.9999999980209395,0,9.955696315923989,78283983349,null_state
1686494831.193,2023-06-11 14:47:11.193,0,1000.0,0.5000000004656471,0,9.960059529838107,78284258466,null_state
1686494831.718,2023-06-11 14:47:11.718,0,1000.0,0.5000000004656471,0,9.960059529838107,78284497230,null_state
1686494832.244,2023-06-11 14:47:12.244,0,1000.0,1.3125000026775524,0,9.988322918292969,78284749563,null_state
1686494832.771,2023-06-11 14:47:12.771,0,1000.0,0.9374999965075403,0,9.987823220610068,78285067962,null_state
1686494833.295,2023-06-11 14:47:13.295,0,1000.0,0.9374999965075403,0,9.987823220610068,78285324276,null_state
1686494833.822,2023-06-11 14:47:13.822,0,1000.0,0.18750000454019755,0,10.016391302774016,78285615657,null_state
1686494834.348,2023-06-11 14:47:14.348,0,1000.0,0.18750000454019755,0,10.016391302774016,78285863304,null_state
1686494834.881,2023-06-11 14:47:14.881,0,1000.0,1.0624999937135726,0,9.998572814666637,78286131564,null_state
1686494835.406,2023-06-11 14:47:15.406,0,1000.0,1.0624999937135726,0,9.998572814666637,78286409980,null_state
1686494835.93,2023-06-11 14:47:15.930,0,1000.0,1.3124999997671694,0,10.090578127062395,78286686171,null_state
1686494836.455,2023-06-11 14:47:16.455,0,1000.0,1.3124999997671694,0,10.090578127062395,78286946589,null_state
1686494836.979,2023-06-11 14:47:16.979,0,1000.0,0.06249999569263309,0,9.982789680535959,78287225688,null_state
1686494837.506,2023-06-11 14:47:17.506,0,1000.0,0.06249999569263309,0,9.982789680535959,78287494781,null_state
1686494838.033,2023-06-11 14:47:18.033,0,1000.0,2.1875000093132257,0,9.93953536159404,78287755253,null_state
1686494838.56,2023-06-11 14:47:18.560,0,1000.0,2.1875000093132257,0,9.93953536159404,78288013537,null_state
1686494839.086,2023-06-11 14:47:19.086,0,1000.0,0.06250000442378223,0,9.958219179835224,78288320940,null_state
1686494839.62,2023-06-11 14:47:19.620,0,1000.0,0.06250000442378223,0,9.958219179835224,78288730028,null_state
1686494840.147,2023-06-11 14:47:20.147,0,1000.0,1.312499988125623,0,9.973149171580461,78289049253,null_state
1686494840.672,2023-06-11 14:47:20.672,0,1000.0,1.312499988125623,0,9.973149171580461,78289310076,null_state
1686494841.206,2023-06-11 14:47:21.206,0,1000.0,1.6250000044237822,0,9.992259561014368,78289608748,null_state
1686494841.734,2023-06-11 14:47:21.734,0,1000.0,1.6250000044237822,0,9.992259561014368,78289859545,null_state
1686494842.258,2023-06-11 14:47:22.258,0,1000.0,0.8749999979045242,0,9.945763301007768,78290138947,null_state
1686494842.785,2023-06-11 14:47:22.785,0,1000.0,0.750000003608875,0,9.947055202334296,78290452085,null_state
1686494843.314,2023-06-11 14:47:23.314,0,1000.0,0.750000003608875,0,9.947055202334296,78290763671,null_state
1686494843.838,2023-06-11 14:47:23.838,0,1000.0,1.187499996740371,0,9.931869267873425,78291048497,null_state
1686494844.37,2023-06-11 14:47:24.370,0,1000.0,1.187499996740371,0,9.931869267873425,78291306083,null_state
1686494844.901,2023-06-11 14:47:24.901,0,1000.0,0.6875000020954758,0,9.93988880629658,78291609866,null_state
1686494845.426,2023-06-11 14:47:25.426,0,1000.0,0.6875000020954758,0,9.93988880629658,78291881189,null_state
1686494845.953,2023-06-11 14:47:25.953,0,1000.0,0.875000000814893,0,9.943788885772888,78292156841,null_state
1686494846.478,2023-06-11 14:47:26.478,0,1000.0,0.875000000814893,0,9.943788885772888,78292414138,null_state
1686494847.003,2023-06-11 14:47:27.003,0,1000.0,1.062500002444736,0,9.946628631141575,78292687486,null_state
1686494847.528,2023-06-11 14:47:27.528,0,1000.0,1.062500002444736,0,9.946628631141575,78292960861,null_state
1686494848.054,2023-06-11 14:47:28.054,0,1000.0,0.7499999977880947,0,9.942643237426722,78293220725,null_state
1686494848.591,2023-06-11 14:47:28.591,0,1000.0,0.7499999977880947,0,9.942643237426722,78293481594,null_state
1686494849.117,2023-06-11 14:47:29.117,0,1000.0,1.3749999954598024,0,9.944507962926332,78293769768,null_state
1686494849.653,2023-06-11 14:47:29.653,0,1000.0,1.3749999954598024,0,9.944507962926332,78294116781,null_state
1686494850.185,2023-06-11 14:47:30.185,0,1000.0,0.5000000004656471,0,9.95295407254221,78294396956,null_state
1686494850.71,2023-06-11 14:47:30.710,0,1000.0,0.5000000004656471,0,9.95295407254221,78294658299,null_state
1686494851.237,2023-06-11 14:47:31.237,0,1000.0,2.0625000004656613,0,9.94682363511539,78294952400,null_state
1686494851.761,2023-06-11 14:47:31.761,0,1000.0,2.0625000004656613,0,9.94682363511539,78295214915,null_state
1686494852.287,2023-06-11 14:47:32.287,0,1000.0,0.562499999068649,0,9.946384876174305,78295477210,null_state
1686494852.818,2023-06-11 14:47:32.818,0,1000.0,0.8125000051222742,0,9.934136189069028,78295750392,null_state
1686494853.356,2023-06-11 14:47:33.356,0,1000.0,0.8125000051222742,0,9.934136189069028,78296026508,null_state
1686494853.882,2023-06-11 14:47:33.882,0,1000.0,2.437500003725276,0,9.934465258274841,78296337851,null_state
1686494854.408,2023-06-11 14:47:34.408,0,1000.0,2.437500003725276,0,9.934465258274841,78296606085,null_state
1686494854.933,2023-06-11 14:47:34.933,0,1000.0,1.7499999987194457,0,9.941192895371472,78296889557,null_state
1686494855.458,2023-06-11 14:47:35.458,0,1000.0,1.7499999987194457,0,9.941192895371472,78297145105,null_state
1686494855.984,2023-06-11 14:47:35.984,0,1000.0,0.37500000034924597,0,9.919986213219051,78297528174,null_state
1686494856.511,2023-06-11 14:47:36.511,0,1000.0,0.37500000034924597,0,9.919986213219051,78297793710,null_state
1686494857.039,2023-06-11 14:47:37.039,0,1000.0,0.5624999961582944,0,9.907225640682508,78298067338,null_state
1686494857.565,2023-06-11 14:47:37.565,0,1000.0,0.5624999961582944,0,9.907225640682508,78298356052,null_state
1686494858.095,2023-06-11 14:47:38.095,0,1000.0,1.7499999987194315,0,9.902850239020026,78298689029,null_state
1686494858.618,2023-06-11 14:47:38.618,0,1000.0,1.7499999987194315,0,9.902850239020026,78298957229,null_state
1686494859.144,2023-06-11 14:47:39.144,0,1000.0,1.3125000055879212,0,9.897914200932826,78299239818,null_state
1686494859.673,2023-06-11 14:47:39.673,0,1000.0,1.3125000055879212,0,9.897914200932826,78299606321,null_state
1686494860.2,2023-06-11 14:47:40.200,0,1000.0,1.2499999982537702,0,9.905629045646897,78299886164,null_state
1686494860.727,2023-06-11 14:47:40.727,0,1000.0,1.2499999982537702,0,9.905629045646897,78300144300,null_state
1686494861.256,2023-06-11 14:47:41.256,0,1000.0,0.5000000033760443,0,9.89641510788412,78300458310,null_state
1686494861.781,2023-06-11 14:47:41.781,0,1000.0,1.249999989522621,0,9.911613230093355,78300721693,null_state
1686494862.309,2023-06-11 14:47:42.309,0,1000.0,1.249999989522621,0,9.911613230093355,78300999015,null_state
1686494862.837,2023-06-11 14:47:42.837,0,1000.0,0.9375000023283206,0,9.937268440398437,78301296478,null_state
1686494863.365,2023-06-11 14:47:43.365,0,1000.0,0.9375000023283206,0,9.937268440398437,78301571844,null_state
1686494863.891,2023-06-11 14:47:43.891,0,1000.0,0.6874999962747097,0,9.947664589752469,78301876242,null_state
1686494864.416,2023-06-11 14:47:44.416,0,1000.0,0.6874999962747097,0,9.947664589752469,78302145412,null_state
1686494864.941,2023-06-11 14:47:44.941,0,1000.0,1.1250000039581067,0,9.934343380791207,78302408671,null_state
1686494865.466,2023-06-11 14:47:45.466,0,1000.0,1.1250000039581067,0,9.934343380791207,78302694297,null_state
1686494865.991,2023-06-11 14:47:45.991,0,1000.0,0.750000006519258,0,9.91786554500381,78302968920,null_state
1686494866.526,2023-06-11 14:47:46.526,0,1000.0,0.750000006519258,0,9.91786554500381,78303232864,null_state
1686494867.052,2023-06-11 14:47:47.052,0,1000.0,0.9374999994179234,0,9.904166515843281,78303508418,null_state
1686494867.578,2023-06-11 14:47:47.578,0,1000.0,0.9374999994179234,0,9.904166515843281,78303793330,null_state
1686494868.103,2023-06-11 14:47:48.103,0,1000.0,1.9374999916180968,0,9.880961042959253,78304047179,null_state
1686494868.63,2023-06-11 14:47:48.630,0,1000.0,1.9374999916180968,0,9.880961042959253,78304298374,null_state
1686494869.155,2023-06-11 14:47:49.155,0,1000.0,0.750000003608875,0,9.878084734345476,78304579177,null_state
1686494869.682,2023-06-11 14:47:49.682,0,1000.0,0.750000003608875,0,9.878084734345476,78304967791,null_state
1686494870.216,2023-06-11 14:47:50.216,0,1000.0,0.31249999883583257,0,9.915354868840936,78305316620,null_state
1686494870.741,2023-06-11 14:47:50.741,0,1000.0,0.31249999883583257,0,9.915354868840936,78305564307,null_state
1686494871.275,2023-06-11 14:47:51.275,0,1000.0,2.1061814587668977,0,9.918730875137614,78305849426,null_state
1686494871.8,2023-06-11 14:47:51.800,0,1000.0,0.7647943856015331,0,9.912039801286076,78306137115,null_state
1686494872.361,2023-06-11 14:47:52.361,0,1000.0,0.7647943856015331,0,9.912039801286076,78306407848,null_to_cold_process
1686494872.708,2023-06-11 14:47:52.708,0,1000.0,0.7647943856015331,0,9.912039801286076,78306617922,null_to_cold_process
1686494873.044,2023-06-11 14:47:53.044,0,1000.0,0.7500000006984919,0,9.924568806603713,78306782886,null_to_cold_process
1686494873.406,2023-06-11 14:47:53.406,0,1000.0,0.7500000006984919,0,9.924568806603713,78307016094,null_to_cold_process
1686494874.308,2023-06-11 14:47:54.308,0,1000.0,0.7500000006984919,0,9.932149586085783,78307950200,null_to_cold_process
1686494874.718,2023-06-11 14:47:54.718,0,1000.0,0.7500000006984919,0,9.932149586085783,78309246797,null_to_cold_process
1686495012.069,2023-06-11 14:50:12.069,0,1000.0,0.7499999948777258,0,9.9818755994087,78439969605,warm_disk_state
1686495012.593,2023-06-11 14:50:12.593,0,1000.0,0.7499999948777258,0,9.9818755994087,78440260452,warm_disk_state
1686495013.119,2023-06-11 14:50:13.119,0,1000.0,0.6875000050058446,0,9.98254592556869,78440538443,warm_disk_state
1686495013.653,2023-06-11 14:50:13.653,0,1000.0,0.6875000050058446,0,9.98254592556869,78440815059,warm_disk_state
1686495014.177,2023-06-11 14:50:14.177,0,1000.0,1.624999995692633,0,9.980620261327262,78441091984,warm_disk_state
1686495014.704,2023-06-11 14:50:14.704,0,1000.0,1.624999995692633,0,9.980620261327262,78441387998,warm_disk_state
1686495015.234,2023-06-11 14:50:15.234,0,1000.0,0.8124999993015081,0,9.977683013971669,78441650449,warm_disk_state
1686495015.76,2023-06-11 14:50:15.760,0,1000.0,0.8124999993015081,0,9.975355154034249,78441916820,warm_disk_state
1686495016.29,2023-06-11 14:50:16.290,0,1000.0,0.5624999990686774,0,9.975355154034249,78442207304,warm_disk_state
1686495016.814,2023-06-11 14:50:16.814,0,1000.0,1.3750000041909516,0,9.962302075536982,78442474230,warm_disk_state
1686495017.339,2023-06-11 14:50:17.339,0,1000.0,1.3750000041909516,0,9.962302075536982,78442705295,warm_disk_state
1686495017.869,2023-06-11 14:50:17.869,0,1000.0,1.6875000030267984,0,9.961290492422815,78443019703,warm_disk_state
1686495018.395,2023-06-11 14:50:18.395,0,1000.0,1.6875000030267984,0,9.961290492422815,78443289748,warm_disk_state
1686495018.921,2023-06-11 14:50:18.921,0,1000.0,0.6874999991850927,0,9.98289937027123,78443559926,warm_disk_state
1686495019.452,2023-06-11 14:50:19.452,0,1000.0,0.6874999991850927,0,9.98289937027123,78443837857,warm_disk_state
1686495019.992,2023-06-11 14:50:19.992,0,1000.0,1.6875000059371672,0,9.96789625203581,78444259506,warm_disk_state
1686495020.519,2023-06-11 14:50:20.519,0,1000.0,1.6875000059371672,0,9.96789625203581,78444586459,warm_disk_state
1686495021.045,2023-06-11 14:50:21.045,0,1000.0,0.7500000006984919,0,9.981509966957795,78444836538,warm_disk_state
1686495021.574,2023-06-11 14:50:21.574,0,1000.0,0.7500000006984919,0,9.981509966957795,78445096197,warm_disk_state
1686495022.102,2023-06-11 14:50:22.102,0,1000.0,0.3749999974388487,0,9.978121772912754,78445353265,warm_disk_state
1686495022.629,2023-06-11 14:50:22.629,0,1000.0,0.3749999974388487,0,9.978121772912754,78445638435,warm_disk_state
1686495023.154,2023-06-11 14:50:23.154,0,1000.0,1.187499999650754,0,9.974928582841528,78445921183,warm_disk_state
1686495023.687,2023-06-11 14:50:23.687,0,1000.0,1.187499999650754,0,9.974928582841528,78446214194,warm_disk_state
1686495024.218,2023-06-11 14:50:24.218,0,1000.0,0.8125000022118911,0,9.98025462887636,78446502194,warm_disk_state
1686495025.365,2023-06-11 14:50:25.365,0,1000.0,1.3124999968567863,0,9.964422743752225,78446642141,warm_disk_state
1686495027.45,2023-06-11 14:50:27.450,0,1000.0,1.50000000721775,0,9.983630635173038,78446874546,warm_disk_state
1686495028.369,2023-06-11 14:50:28.369,0,1000.0,1.3749999867286533,0,9.971808519260481,78447163640,warm_disk_state
1686495028.896,2023-06-11 14:50:28.896,0,1000.0,0.3125000046566271,0,9.955330683473084,78447430603,warm_disk_state
1686495029.422,2023-06-11 14:50:29.422,0,1000.0,0.3125000046566271,0,9.955330683473084,78447703393,warm_disk_state
1686495029.952,2023-06-11 14:50:29.952,0,1000.0,1.875000007566996,0,9.9806080735789,78448006634,warm_disk_state
1686495030.527,2023-06-11 14:50:30.527,0,1000.0,1.875000007566996,0,9.9806080735789,78448301428,warm_disk_state
1686495031.053,2023-06-11 14:50:31.053,0,1000.0,0.24999999150169572,0,9.968152194751443,78448564106,warm_disk_state
1686495031.578,2023-06-11 14:50:31.578,0,1000.0,0.24999999150169572,0,9.968152194751443,78448809963,warm_disk_state
1686495032.103,2023-06-11 14:50:32.103,0,1000.0,0.8750000124564252,0,9.953685337444016,78449082800,warm_disk_state
1686495032.629,2023-06-11 14:50:32.629,0,1000.0,0.8750000124564252,0,9.953685337444016,78449336375,warm_disk_state
1686495033.157,2023-06-11 14:50:33.157,0,1000.0,0.6874999933643267,0,9.972893228864828,78449611215,warm_disk_state
1686495033.681,2023-06-11 14:50:33.681,0,1000.0,0.6874999933643267,0,9.972893228864828,78449851244,warm_disk_state
1686495034.206,2023-06-11 14:50:34.206,0,1000.0,3.7500000005820766,0,9.982509362323599,78450144880,warm_disk_state
1686495034.736,2023-06-11 14:50:34.736,0,1000.0,3.7500000005820766,0,9.982509362323599,78450429173,warm_disk_state
1686495035.271,2023-06-11 14:50:35.271,0,1000.0,2.6249999966239557,0,9.976220484168055,78450686767,warm_disk_state
1686495035.795,2023-06-11 14:50:35.795,0,1000.0,0.7500000006984919,0,9.99128454114529,78450969894,warm_disk_state
1686495036.323,2023-06-11 14:50:36.323,0,1000.0,0.7500000006984919,0,9.99128454114529,78451237658,warm_disk_state
1686495036.848,2023-06-11 14:50:36.848,0,1000.0,0.37500000616998364,0,10.005812337194534,78451466255,warm_disk_state
1686495037.377,2023-06-11 14:50:37.377,0,1000.0,0.37500000616998364,0,10.005812337194534,78451739986,warm_disk_state
1686495037.924,2023-06-11 14:50:37.924,0,1000.0,2.249999996274724,0,9.982326546098147,78452053769,warm_disk_state
1686495038.451,2023-06-11 14:50:38.451,0,1000.0,2.249999996274724,0,9.982326546098147,78452401759,warm_disk_state
1686495038.979,2023-06-11 14:50:38.979,0,1000.0,0.12499999720604649,0,9.96014484407665,78452661079,warm_disk_state
1686495039.509,2023-06-11 14:50:39.509,0,1000.0,0.12499999720604649,0,9.96014484407665,78452965187,warm_disk_state
1686495040.038,2023-06-11 14:50:40.038,0,1000.0,1.0000000038417056,0,9.971357572571034,78453291945,warm_disk_state
1686495040.563,2023-06-11 14:50:40.563,0,1000.0,1.0000000038417056,0,9.971357572571034,78453635078,warm_disk_state
1686495041.089,2023-06-11 14:50:41.089,0,1000.0,2.1875000005820766,0,9.976317986154962,78453891212,warm_disk_state
1686495041.619,2023-06-11 14:50:41.619,0,1000.0,2.1875000005820766,0,9.976317986154962,78454132608,warm_disk_state
1686495042.144,2023-06-11 14:50:42.144,0,1000.0,0.6874999991850927,0,9.96592183680093,78454415397,warm_disk_state
1686495042.669,2023-06-11 14:50:42.669,0,1000.0,0.6874999991850927,0,9.96592183680093,78454693117,warm_disk_state
1686495043.194,2023-06-11 14:50:43.194,0,1000.0,1.1249999923165888,0,9.962143634808259,78454981993,warm_disk_state
1686495043.72,2023-06-11 14:50:43.720,0,1000.0,1.1249999923165888,0,9.962143634808259,78455224299,warm_disk_state
1686495044.248,2023-06-11 14:50:44.248,0,1000.0,0.6875000050058588,0,9.977012687811678,78455513355,warm_disk_state
1686495044.781,2023-06-11 14:50:44.781,0,1000.0,1.1250000039581352,0,9.993441772605623,78455834515,warm_disk_state
1686495045.308,2023-06-11 14:50:45.308,0,1000.0,1.1250000039581352,0,9.993441772605623,78456083186,warm_disk_state
1686495045.836,2023-06-11 14:50:45.836,0,1000.0,0.8124999963911108,0,9.995282122608504,78456367452,warm_disk_state
1686495046.364,2023-06-11 14:50:46.364,0,1000.0,0.8124999963911108,0,9.995282122608504,78456637942,warm_disk_state
1686495046.894,2023-06-11 14:50:46.894,0,1000.0,1.1249999923165745,0,9.966640913954375,78456917221,warm_disk_state
1686495047.42,2023-06-11 14:50:47.420,0,1000.0,1.1249999923165745,0,9.966640913954375,78457201475,warm_disk_state
1686495047.956,2023-06-11 14:50:47.956,0,1000.0,1.4375000057043508,0,10.002826338845486,78457490139,warm_disk_state
1686495048.479,2023-06-11 14:50:48.479,0,1000.0,1.4375000057043508,0,10.002826338845486,78457757594,warm_disk_state
1686495049.006,2023-06-11 14:50:49.006,0,1000.0,1.0624999995343387,0,9.976549553373868,78458011795,warm_disk_state
1686495049.535,2023-06-11 14:50:49.535,0,1000.0,1.0624999995343387,0,9.976549553373868,78458335056,warm_disk_state
1686495050.061,2023-06-11 14:50:50.061,0,1000.0,0.9374999994179376,0,9.989566068626042,78458712013,warm_disk_state
1686495050.588,2023-06-11 14:50:50.588,0,1000.0,0.9374999994179376,0,9.989566068626042,78459065456,warm_disk_state
1686495051.113,2023-06-11 14:50:51.113,0,1000.0,0.8750000066356591,0,9.992186434524186,78459339151,warm_disk_state
1686495051.639,2023-06-11 14:50:51.639,0,1000.0,0.8750000066356591,0,9.992186434524186,78459583453,warm_disk_state
1686495052.169,2023-06-11 14:50:52.169,0,1000.0,0.2499999973224476,0,9.97673236959932,78459864350,warm_disk_state
1686495052.696,2023-06-11 14:50:52.696,0,1000.0,0.2499999973224476,0,9.97673236959932,78460141785,warm_disk_state
1686495053.223,2023-06-11 14:50:53.223,0,1000.0,1.6875000030267842,0,9.977670826223306,78460431990,warm_disk_state
1686495053.751,2023-06-11 14:50:53.751,0,1000.0,1.6875000030267842,0,9.977670826223306,78460714889,warm_disk_state
1686495054.282,2023-06-11 14:50:54.282,0,1000.0,0.06249999860301614,0,9.939584112587495,78460997708,warm_disk_state
1686495054.814,2023-06-11 14:50:54.814,0,1000.0,1.5000000013969839,0,9.940632258946753,78461288655,warm_disk_state
1686495055.349,2023-06-11 14:50:55.349,0,1000.0,1.5000000013969839,0,9.940632258946753,78461543716,warm_disk_state
1686495055.878,2023-06-11 14:50:55.878,0,1000.0,0.8749999979045242,0,9.928347008596385,78461828075,warm_disk_state
1686495056.404,2023-06-11 14:50:56.404,0,1000.0,0.8749999979045242,0,9.928347008596385,78462126629,warm_disk_state
1686495056.93,2023-06-11 14:50:56.930,0,1000.0,0.9999999980209395,0,9.911296348635904,78462389015,warm_disk_state
1686495057.455,2023-06-11 14:50:57.455,0,1000.0,0.9999999980209395,0,9.911296348635904,78462677871,warm_disk_state
1686495057.991,2023-06-11 14:50:57.991,0,1000.0,1.5625,0,9.935854661588275,78462965006,warm_disk_state
1686495058.516,2023-06-11 14:50:58.516,0,1000.0,1.5625,0,9.935854661588275,78463233293,warm_disk_state
1686495059.043,2023-06-11 14:50:59.043,0,1000.0,0.9374999994179234,0,9.923337844019002,78463456920,warm_disk_state
1686495059.57,2023-06-11 14:50:59.570,0,1000.0,0.9374999994179234,0,9.923337844019002,78463743858,warm_disk_state
1686495060.096,2023-06-11 14:51:00.096,0,1000.0,0.375000003259629,0,9.965946212297657,78464032321,warm_disk_state
1686495060.631,2023-06-11 14:51:00.631,0,1000.0,0.375000003259629,0,9.965946212297657,78464383947,warm_disk_state
1686495061.16,2023-06-11 14:51:01.160,0,1000.0,1.5624999912688509,0,9.964495870242406,78464657506,warm_disk_state
1686495061.688,2023-06-11 14:51:01.688,0,1000.0,1.5624999912688509,0,9.964495870242406,78464916730,warm_disk_state
1686495062.215,2023-06-11 14:51:02.215,0,1000.0,1.12500001268927,0,9.96422773977841,78465170116,warm_disk_state
1686495062.741,2023-06-11 14:51:02.741,0,1000.0,1.12500001268927,0,9.96422773977841,78465461078,warm_disk_state
1686495063.269,2023-06-11 14:51:03.269,0,1000.0,0.5625000019790463,0,9.982034040137425,78465758103,warm_disk_state
1686495063.793,2023-06-11 14:51:03.793,0,1000.0,0.812499996391125,0,10.025848995504061,78466020688,warm_disk_state
1686495064.32,2023-06-11 14:51:04.320,0,1000.0,0.812499996391125,0,10.025848995504061,78466281283,warm_disk_state
1686495064.848,2023-06-11 14:51:04.848,0,1000.0,1.125000001047752,0,9.97423388118481,78466579853,warm_disk_state
1686495065.373,2023-06-11 14:51:05.373,0,1000.0,1.125000001047752,0,9.97423388118481,78466829459,warm_disk_state
1686495065.904,2023-06-11 14:51:05.904,0,1000.0,0.3749999974388629,0,9.971467262306305,78467098912,warm_disk_state
1686495066.429,2023-06-11 14:51:06.429,0,1000.0,0.3749999974388629,0,9.971467262306305,78467396499,warm_disk_state
1686495066.954,2023-06-11 14:51:06.954,0,1000.0,1.4374999940628044,0,9.986055997097367,78467665530,warm_disk_state
1686495067.48,2023-06-11 14:51:07.480,0,1000.0,1.4374999940628044,0,9.986055997097367,78467946549,warm_disk_state
1686495068.005,2023-06-11 14:51:08.005,0,1000.0,1.68750000302677,0,9.982777492787594,78468222899,warm_disk_state
1686495068.529,2023-06-11 14:51:08.529,0,1000.0,1.68750000302677,0,9.982777492787594,78468575479,warm_disk_state
1686495069.058,2023-06-11 14:51:09.058,0,1000.0,0.7499999977880947,0,9.94978525796771,78468830234,warm_disk_state
1686495069.587,2023-06-11 14:51:09.587,0,1000.0,0.7499999977880947,0,9.94978525796771,78469118190,warm_disk_state
1686495070.113,2023-06-11 14:51:10.113,0,1000.0,0.4375000047730282,0,9.911820421815532,78469420652,warm_disk_state
1686495070.641,2023-06-11 14:51:10.641,0,1000.0,0.4375000047730282,0,9.911820421815532,78469761819,warm_disk_state
1686495071.166,2023-06-11 14:51:11.166,0,1000.0,1.0624999937135584,0,9.956378829832342,78470023677,warm_disk_state
1686495071.693,2023-06-11 14:51:11.693,0,1000.0,1.0624999937135584,0,9.956378829832342,78470280654,warm_disk_state
1686495072.222,2023-06-11 14:51:12.222,0,1000.0,0.8750000066356876,0,9.957975424867955,78470543100,warm_disk_state
1686495072.748,2023-06-11 14:51:12.748,0,1000.0,0.8750000066356876,0,9.957975424867955,78470838553,warm_disk_state
1686495073.277,2023-06-11 14:51:13.277,0,1000.0,1.5624999941792481,0,9.96193644308608,78471127983,warm_disk_state
1686495073.804,2023-06-11 14:51:13.804,0,1000.0,0.9374999994179092,0,9.954977238770542,78471396514,warm_disk_state
1686495074.33,2023-06-11 14:51:14.330,0,1000.0,0.9374999994179092,0,9.954977238770542,78471638634,warm_disk_state
1686495074.857,2023-06-11 14:51:14.857,0,1000.0,1.0000000009313368,0,9.957085719237423,78471972661,warm_disk_state
1686495075.384,2023-06-11 14:51:15.384,0,1000.0,1.0000000009313368,0,9.957085719237423,78472235069,warm_disk_state
1686495075.913,2023-06-11 14:51:15.913,0,1000.0,0.7499999977880947,0,9.969456283826334,78472482639,warm_disk_state
1686495076.44,2023-06-11 14:51:16.440,0,1000.0,0.7499999977880947,0,9.969456283826334,78472774384,warm_disk_state
1686495076.973,2023-06-11 14:51:16.973,0,1000.0,0.8749999979045242,0,9.936171543045726,78473057849,warm_disk_state
1686495077.5,2023-06-11 14:51:17.500,0,1000.0,0.8749999979045242,0,9.936171543045726,78473161865,warm_disk_state
1686495078.086,2023-06-11 14:51:18.086,0,1000.0,1.6875000059371814,0,9.899571734710257,78473242036,warm_disk_to_warm_cpu_process
1686495079.299,2023-06-11 14:51:19.299,0,1000.0,0.25000000023283064,0,9.904519960545821,78473412101,warm_disk_to_warm_cpu_process
1686495083.322,2023-06-11 14:51:23.322,0,1000.0,1.8124999915016957,0,9.944581089416513,78474234684,warm_disk_to_warm_cpu_process
1686495083.722,2023-06-11 14:51:23.722,0,1000.0,1.8124999915016957,0,9.944581089416513,78474789128,warm_disk_to_warm_cpu_process
1686495084.346,2023-06-11 14:51:24.346,1,1000.0,0.2499999973224476,0,9.95496505102218,78478070815,warm_disk_to_warm_cpu_process
1686495084.815,2023-06-11 14:51:24.815,1,1000.0,7.187500008149087,0,10.145313304962693,78480067961,warm_disk_to_warm_cpu_process
1686495085.199,2023-06-11 14:51:25.199,1,1000.0,7.187500008149087,0,10.145313304962693,78480860422,warm_disk_to_warm_cpu_process
1686495085.619,2023-06-11 14:51:25.619,1,1000.0,7.187500008149087,0,10.145313304962693,78482099097,warm_disk_to_warm_cpu_process
1686495086.04,2023-06-11 14:51:26.040,1,1000.0,22.187499998835847,0,10.525327298935364,78483064160,warm_disk_to_warm_cpu_process
1686495086.568,2023-06-11 14:51:26.568,1,1000.0,22.187499998835847,0,10.525327298935364,78485723539,warm_cpu_state
1686495087.144,2023-06-11 14:51:27.144,1,1000.0,4.378742508696192,0,10.683743652163612,78487754334,warm_cpu_state
1686495087.694,2023-06-11 14:51:27.694,1,1000.0,4.378742508696192,0,10.683743652163612,78488861830,warm_cpu_state
1686495088.238,2023-06-11 14:51:28.238,1,1000.0,1.3026052147368432,0,10.693359785622382,78490022226,warm_cpu_state
1686495088.786,2023-06-11 14:51:28.786,1,1000.0,1.4999999984866008,0,10.580038101338934,78491284242,warm_cpu_state
1686495089.335,2023-06-11 14:51:29.335,1,1000.0,1.4999999984866008,0,10.580038101338934,78492294477,warm_cpu_state
1686495089.882,2023-06-11 14:51:29.882,1,1000.0,1.8750000104773932,0,10.563840583763897,78493419059,warm_cpu_state
1686495090.429,2023-06-11 14:51:30.429,1,1000.0,1.8750000104773932,0,10.563840583763897,78494465555,warm_cpu_state
1686495090.973,2023-06-11 14:51:30.973,1,1000.0,0.7499999948777258,0,10.561719915548654,78495583270,warm_cpu_state
1686495091.52,2023-06-11 14:51:31.520,1,1000.0,0.7499999948777258,0,10.561719915548654,78496671761,warm_cpu_state
1686495092.065,2023-06-11 14:51:32.065,1,1000.0,0.37500000034924597,0,10.550872819505175,78497679126,warm_cpu_state
1686495092.612,2023-06-11 14:51:32.612,1,1000.0,0.37500000034924597,0,10.550872819505175,78498791145,warm_cpu_state
1686495093.158,2023-06-11 14:51:33.158,1,1000.0,0.9374999965075546,0,10.557880774814164,78499968512,warm_cpu_state
1686495093.718,2023-06-11 14:51:33.718,1,1000.0,0.9374999965075546,0,10.557880774814164,78501075730,warm_cpu_state
1686495094.338,2023-06-11 14:51:34.338,1,1000.0,2.4374999979045384,0,10.533797784047968,78502291978,warm_cpu_state
1686495094.886,2023-06-11 14:51:34.886,1,1000.0,2.312500000698492,0,10.536357211204294,78503451456,warm_cpu_state
1686495095.431,2023-06-11 14:51:35.431,1,1000.0,2.312500000698492,0,10.536357211204294,78504553911,warm_cpu_state
1686495095.978,2023-06-11 14:51:35.978,1,1000.0,0.5000000004656471,0,10.501134618433897,78505613083,warm_cpu_state
1686495096.548,2023-06-11 14:51:36.548,1,1000.0,0.5000000004656471,0,10.501134618433897,78506729582,warm_cpu_state
1686495097.095,2023-06-11 14:51:37.095,1,1000.0,0.7500000006984919,0,10.487240585299553,78507806256,warm_cpu_state
1686495097.647,2023-06-11 14:51:37.647,1,1000.0,0.7500000006984919,0,10.487240585299553,78508835964,warm_cpu_state
1686495098.192,2023-06-11 14:51:38.192,1,1000.0,2.8750000026775666,0,10.443218438210735,78509943750,warm_cpu_state
1686495098.74,2023-06-11 14:51:38.740,1,1000.0,2.8750000026775666,0,10.443218438210735,78511114990,warm_cpu_state
1686495099.287,2023-06-11 14:51:39.287,1,1000.0,0.7499999977881089,0,10.442755303772925,78512021270,warm_cpu_state
1686495099.849,2023-06-11 14:51:39.849,1,1000.0,1.125000001047738,0,10.444802845497986,78513190310,warm_cpu_state
1686495100.395,2023-06-11 14:51:40.395,1,1000.0,1.125000001047738,0,10.444802845497986,78514205787,warm_cpu_state
1686495100.95,2023-06-11 14:51:40.950,1,1000.0,1.062499999534353,0,10.444961286226711,78515301311,warm_cpu_state
1686495101.502,2023-06-11 14:51:41.502,1,1000.0,1.062499999534353,0,10.444961286226711,78516037330,warm_cpu_state
1686495105.563,2023-06-11 14:51:45.563,1,1000.0,0.6874999991850643,0,10.48733808728646,78516605561,warm_cpu_state
1686495107.708,2023-06-11 14:51:47.708,1,1000.0,1.6250000015133992,0,10.472956544217578,78517330813,warm_cpu_state
1686495108.313,2023-06-11 14:51:48.313,1,1000.0,1.6875000001164153,0,10.466497037584945,78518425347,warm_cpu_state
1686495108.856,2023-06-11 14:51:48.856,1,1000.0,0.49999999755527824,0,10.462450705128276,78519304121,warm_cpu_state
1686495109.403,2023-06-11 14:51:49.403,1,1000.0,0.49999999755527824,0,10.462450705128276,78520312751,warm_cpu_state
1686495110.008,2023-06-11 14:51:50.008,1,1000.0,1.1875000054714917,0,10.490811595570046,78521417667,warm_cpu_state
1686495110.571,2023-06-11 14:51:50.571,1,1000.0,1.1875000054714917,0,10.490811595570046,78522477518,warm_cpu_state
1686495111.191,2023-06-11 14:51:51.191,1,1000.0,1.1874999996507398,0,10.533371212855247,78523558719,warm_cpu_state
1686495111.746,2023-06-11 14:51:51.746,1,1000.0,1.1874999996507398,0,10.533371212855247,78524655082,warm_cpu_state
1686495112.29,2023-06-11 14:51:52.290,1,1000.0,1.1249999981373549,0,10.531433360865456,78525752190,warm_cpu_state
1686495112.842,2023-06-11 14:51:52.842,1,1000.0,0.6874999991850785,0,10.528020791323687,78526741515,warm_cpu_state
1686495113.388,2023-06-11 14:51:53.388,1,1000.0,0.6874999991850785,0,10.528020791323687,78527844513,warm_cpu_state
1686495113.936,2023-06-11 14:51:53.936,1,1000.0,0.875000000814893,0,10.515333345277327,78528978795,warm_cpu_state
1686495114.483,2023-06-11 14:51:54.483,1,1000.0,0.875000000814893,0,10.515333345277327,78530103275,warm_cpu_state
1686495115.028,2023-06-11 14:51:55.028,1,1000.0,0.74999999487774,0,10.527143273441519,78531197695,warm_cpu_state
1686495115.574,2023-06-11 14:51:55.574,1,1000.0,0.74999999487774,0,10.527143273441519,78532194755,warm_cpu_state
1686495116.123,2023-06-11 14:51:56.123,1,1000.0,0.43750000186263094,0,10.509531977056321,78533358259,warm_cpu_state
1686495116.668,2023-06-11 14:51:56.668,1,1000.0,0.43750000186263094,0,10.509531977056321,78534569384,warm_cpu_state
1686495117.217,2023-06-11 14:51:57.217,1,1000.0,1.3750000071013346,0,10.51055574791885,78535643565,warm_cpu_state
1686495117.773,2023-06-11 14:51:57.773,1,1000.0,1.6874999972060323,0,10.542317020154027,78536810786,warm_cpu_state
1686495118.317,2023-06-11 14:51:58.317,1,1000.0,1.6874999972060323,0,10.542317020154027,78537939181,warm_cpu_state
1686495118.86,2023-06-11 14:51:58.860,1,1000.0,0.7499999948777258,0,10.463108843539901,78539026823,warm_cpu_state
1686495119.405,2023-06-11 14:51:59.405,1,1000.0,0.7499999948777258,0,10.463108843539901,78540130307,warm_cpu_state
1686495119.952,2023-06-11 14:51:59.952,1,1000.0,0.875000000814893,0,10.480951707144007,78541242485,warm_cpu_state
1686495120.502,2023-06-11 14:52:00.502,1,1000.0,0.875000000814893,0,10.480951707144007,78542323386,warm_cpu_state
1686495121.048,2023-06-11 14:52:01.048,1,1000.0,1.0625000053551048,0,10.48501022734904,78543344380,warm_cpu_state
1686495121.597,2023-06-11 14:52:01.597,1,1000.0,1.0625000053551048,0,10.48501022734904,78544428871,warm_cpu_state
1686495122.142,2023-06-11 14:52:02.142,1,1000.0,1.0468594166278251,0,10.480951707144007,78545531875,warm_cpu_state
1686495122.694,2023-06-11 14:52:02.694,1,1000.0,1.0468594166278251,0,10.480951707144007,78546635589,warm_cpu_state
1686495123.256,2023-06-11 14:52:03.256,1,1000.0,0.6394182600187577,0,10.497173600215772,78547746830,warm_cpu_state
1686495123.801,2023-06-11 14:52:03.801,1,1000.0,0.31249999883583257,0,10.51262766514064,78548743467,warm_cpu_state
1686495124.346,2023-06-11 14:52:04.346,1,1000.0,0.31249999883583257,0,10.51262766514064,78549815459,warm_cpu_state
1686495124.892,2023-06-11 14:52:04.892,1,1000.0,1.3749999983701855,0,10.519306551243815,78550879210,warm_cpu_state
1686495125.44,2023-06-11 14:52:05.440,1,1000.0,1.3749999983701855,0,10.519306551243815,78551967175,warm_cpu_state
1686495125.987,2023-06-11 14:52:05.987,1,1000.0,0.6874999962747097,0,10.502426519760423,78553093723,warm_cpu_state
1686495126.531,2023-06-11 14:52:06.531,1,1000.0,0.6874999962747097,0,10.502426519760423,78554342193,warm_cpu_state
1686495127.08,2023-06-11 14:52:07.080,1,1000.0,1.3750000071013346,0,10.48983657570097,78555462558,warm_cpu_state
1686495127.625,2023-06-11 14:52:07.625,1,1000.0,1.3750000071013346,0,10.48983657570097,78556572932,warm_cpu_state
1686495128.171,2023-06-11 14:52:08.171,1,1000.0,2.187500000582091,0,10.494114475376543,78557666905,warm_cpu_state
1686495128.716,2023-06-11 14:52:08.716,1,1000.0,2.187500000582091,0,10.494114475376543,78558848783,warm_cpu_state
1686495129.275,2023-06-11 14:52:09.275,1,1000.0,0.43750000186263094,0,10.511311388317385,78559919524,warm_cpu_state
1686495129.823,2023-06-11 14:52:09.823,1,1000.0,0.999999992200145,0,10.490872534311864,78561055612,warm_cpu_state
1686495130.376,2023-06-11 14:52:10.376,1,1000.0,0.999999992200145,0,10.490872534311864,78562134615,warm_cpu_state
1686495130.929,2023-06-11 14:52:10.929,1,1000.0,0.4999999946448952,0,10.481829225026177,78563271812,warm_cpu_state
1686495131.474,2023-06-11 14:52:11.474,1,1000.0,0.4999999946448952,0,10.481829225026177,78564348427,warm_cpu_state
1686495132.019,2023-06-11 14:52:12.019,1,1000.0,0.7500000065192438,0,10.481061396879278,78565343281,warm_cpu_state
1686495132.571,2023-06-11 14:52:12.571,1,1000.0,0.7500000065192438,0,10.481061396879278,78566439663,warm_cpu_state
1686495133.117,2023-06-11 14:52:13.117,1,1000.0,0.8125000022118911,0,10.52432790356956,78567527931,warm_cpu_state
1686495133.673,2023-06-11 14:52:13.673,1,1000.0,0.8125000022118911,0,10.52432790356956,78568659427,warm_cpu_state
1686495134.219,2023-06-11 14:52:14.219,1,1000.0,1.562500002910383,0,10.508045071755978,78569751794,warm_cpu_state
1686495134.767,2023-06-11 14:52:14.767,1,1000.0,1.1874999938299737,0,10.491762239942396,78570877669,warm_cpu_state
1686495135.321,2023-06-11 14:52:15.321,1,1000.0,1.1874999938299737,0,10.491762239942396,78571984682,warm_cpu_state
1686495135.868,2023-06-11 14:52:15.868,1,1000.0,0.8124999993015081,0,10.506326599236731,78573102942,warm_cpu_state
1686495136.416,2023-06-11 14:52:16.416,1,1000.0,0.8124999993015081,0,10.506326599236731,78573977249,warm_cpu_state
1686495136.974,2023-06-11 14:52:16.974,1,1000.0,1.125000003958121,0,10.508581332683969,78575359417,warm_cpu_state
1686495137.531,2023-06-11 14:52:17.531,1,1000.0,1.125000003958121,0,10.508581332683969,78576448713,warm_cpu_state
1686495138.077,2023-06-11 14:52:18.077,1,1000.0,1.4999999955762178,0,10.469056464741271,78577474002,warm_cpu_state
1686495138.623,2023-06-11 14:52:18.623,1,1000.0,1.4999999955762178,0,10.469056464741271,78578602737,warm_cpu_state
1686495139.168,2023-06-11 14:52:19.168,1,1000.0,1.1875000025611513,0,10.474333759782649,78579672703,warm_cpu_state
1686495139.721,2023-06-11 14:52:19.721,1,1000.0,1.1875000025611513,0,10.474333759782649,78580829271,warm_cpu_state
1686495140.273,2023-06-11 14:52:20.273,1,1000.0,0.8125000022118911,0,10.4619753829421,78581944602,warm_cpu_state
1686495140.818,2023-06-11 14:52:20.818,1,1000.0,0.18749999871943146,0,10.480232629990564,78582990008,warm_cpu_state
1686495141.364,2023-06-11 14:52:21.364,1,1000.0,0.18749999871943146,0,10.480232629990564,78584094079,warm_cpu_state
1686495141.91,2023-06-11 14:52:21.910,1,1000.0,1.8749999988358468,0,10.51605242243077,78585202937,warm_cpu_state
1686495142.457,2023-06-11 14:52:22.457,1,1000.0,1.8749999988358468,0,10.51605242243077,78586286806,warm_cpu_state
1686495143.013,2023-06-11 14:52:23.013,1,1000.0,0.7500000006984777,0,10.515162716800239,78587377873,warm_cpu_state
1686495143.561,2023-06-11 14:52:23.561,1,1000.0,0.7500000006984777,0,10.515162716800239,78588475692,warm_cpu_state
1686495144.106,2023-06-11 14:52:24.106,1,1000.0,0.6250000005820624,0,10.50755756182144,78589606290,warm_cpu_state
1686495144.652,2023-06-11 14:52:24.652,1,1000.0,0.6250000005820624,0,10.50755756182144,78590700854,warm_cpu_state
1686495145.198,2023-06-11 14:52:25.198,1,1000.0,0.5624999990686774,0,10.507057864138538,78591773627,warm_cpu_state
1686495145.744,2023-06-11 14:52:25.744,1,1000.0,0.5624999990686774,0,10.507057864138538,78592891927,warm_cpu_state
1686495146.296,2023-06-11 14:52:26.296,1,1000.0,0.6874999991850927,0,10.493346647229645,78593928179,warm_cpu_state
1686495146.848,2023-06-11 14:52:26.848,1,1000.0,1.3125000055879354,0,10.499403958166285,78595154278,warm_cpu_state
1686495147.394,2023-06-11 14:52:27.394,1,1000.0,1.3125000055879354,0,10.499403958166285,78596310653,warm_cpu_state
1686495147.949,2023-06-11 14:52:27.949,1,1000.0,2.1249999990686916,0,10.486850577351921,78597421190,warm_cpu_state
1686495148.494,2023-06-11 14:52:28.494,1,1000.0,2.1249999990686916,0,10.486850577351921,78598529150,warm_cpu_state
1686495149.048,2023-06-11 14:52:29.048,1,1000.0,-2.9103830456733704e-09,0,10.488812804838439,78600150854,warm_cpu_state
1686495149.648,2023-06-11 14:52:29.648,1,1000.0,-2.9103830456733704e-09,0,10.488812804838439,78601308655,warm_cpu_state
1686495150.196,2023-06-11 14:52:30.196,1,1000.0,0.9999999980209395,0,10.473029670707758,78602412409,warm_cpu_state
1686495150.751,2023-06-11 14:52:30.751,1,1000.0,0.9999999980209395,0,10.473029670707758,78603494557,warm_cpu_state
1686495151.3,2023-06-11 14:52:31.300,1,1000.0,1.1875000054715201,0,10.490092518416603,78604617489,warm_cpu_state
1686495151.85,2023-06-11 14:52:31.850,1,1000.0,1.624999995692633,0,10.487764658479183,78605720540,warm_cpu_state
1686495152.396,2023-06-11 14:52:32.396,1,1000.0,1.624999995692633,0,10.487764658479183,78606817390,warm_cpu_state
1686495152.944,2023-06-11 14:52:32.944,1,1000.0,0.5000000004656613,0,10.492749447559836,78607929799,warm_cpu_state
1686495153.487,2023-06-11 14:52:33.487,1,1000.0,0.5000000004656613,0,10.492749447559836,78608997694,warm_cpu_state
1686495154.031,2023-06-11 14:52:34.031,1,1000.0,0.7500000006984919,0,10.501646503865162,78610089078,warm_cpu_state
1686495154.578,2023-06-11 14:52:34.578,1,1000.0,0.7500000006984919,0,10.501646503865162,78611091231,warm_cpu_state
1686495155.123,2023-06-11 14:52:35.123,1,1000.0,3.812499993364341,0,10.505363767116018,78612207226,warm_cpu_state
1686495155.669,2023-06-11 14:52:35.669,1,1000.0,3.812499993364341,0,10.505363767116018,78613285639,warm_cpu_state
1686495156.216,2023-06-11 14:52:36.216,1,1000.0,1.1250000068684898,0,10.509507601559594,78614393968,warm_cpu_state
1686495156.767,2023-06-11 14:52:36.767,1,1000.0,0.49999999755527824,0,10.495138246239074,78615652971,warm_cpu_state
1686495157.338,2023-06-11 14:52:37.338,1,1000.0,0.49999999755527824,0,10.495138246239074,78616701651,warm_cpu_state
1686495187.96,2023-06-11 14:53:07.960,1,1000.0,1.5000000013969839,0,10.523304132707029,78675333776,active_state
1686495188.521,2023-06-11 14:53:08.521,1,1000.0,1.5000000013969839,0,10.523304132707029,78676375948,active_state
1686495189.068,2023-06-11 14:53:09.068,1,1000.0,0.9374999906867743,0,10.531482111858912,78677519030,active_state
1686495189.616,2023-06-11 14:53:09.616,1,1000.0,0.9374999906867743,0,10.531482111858912,78678599887,active_state
1686495190.179,2023-06-11 14:53:10.179,1,1000.0,0.8125000051222742,0,10.538660695644989,78679701644,active_state
1686495190.734,2023-06-11 14:53:10.734,1,1000.0,0.8125000051222742,0,10.538660695644989,78680784872,active_state
1686495191.286,2023-06-11 14:53:11.286,1,1000.0,0.5624999990686632,0,10.531738054574543,78681884268,active_state
1686495191.863,2023-06-11 14:53:11.863,1,1000.0,1.4375000057043508,0,10.530275524770929,78683021105,active_state
1686495192.409,2023-06-11 14:53:12.409,1,1000.0,1.4375000057043508,0,10.530275524770929,78684106486,active_state
1686495192.954,2023-06-11 14:53:12.954,1,1000.0,0.9374999965075403,0,10.514760521104243,78685211316,active_state
1686495193.505,2023-06-11 14:53:13.505,1,1000.0,0.9374999965075403,0,10.514760521104243,78686331979,active_state
1686495194.06,2023-06-11 14:53:14.060,1,1000.0,0.8124999993014939,0,10.514589892627155,78687433143,active_state
1686495194.609,2023-06-11 14:53:14.609,1,1000.0,0.8124999993014939,0,10.514589892627155,78688523290,active_state
1686495195.159,2023-06-11 14:53:15.159,1,1000.0,0.81250000512226,0,10.547764943672492,78689638989,active_state
1686495195.707,2023-06-11 14:53:15.707,1,1000.0,0.81250000512226,0,10.547764943672492,78690698467,active_state
1686495196.253,2023-06-11 14:53:16.253,1,1000.0,1.1352295403372352,0,10.53923351981807,78691820620,active_state
1686495196.803,2023-06-11 14:53:16.803,1,1000.0,1.177354701953334,0,10.542475460882752,78692913502,active_state
1686495197.371,2023-06-11 14:53:17.371,1,1000.0,1.177354701953334,0,10.542475460882752,78694021499,active_state
1686495197.935,2023-06-11 14:53:17.935,1,1000.0,1.562500002910383,0,10.519623432701264,78695220856,active_state
1686495198.479,2023-06-11 14:53:18.479,1,1000.0,1.562500002910383,0,10.519623432701264,78696301872,active_state
1686495199.026,2023-06-11 14:53:19.026,1,1000.0,0.2499999973224476,0,10.523157879726668,78697405153,active_state
1686495199.574,2023-06-11 14:53:19.574,1,1000.0,0.2499999973224476,0,10.523157879726668,78698435668,active_state
1686495200.119,2023-06-11 14:53:20.119,1,1000.0,1.500000004307367,0,10.538209748955541,78699559742,active_state
1686495200.693,2023-06-11 14:53:20.693,1,1000.0,1.500000004307367,0,10.538209748955541,78700698474,active_state
1686495201.238,2023-06-11 14:53:21.238,1,1000.0,0.9374999965075546,0,10.573944227157204,78701794917,active_state
1686495201.784,2023-06-11 14:53:21.784,1,1000.0,1.0000000038416914,0,10.573359215235758,78702922595,active_state
1686495202.329,2023-06-11 14:53:22.329,1,1000.0,1.0000000038416914,0,10.573359215235758,78704052938,active_state
1686495202.875,2023-06-11 14:53:22.875,1,1000.0,0.06250000151339918,0,10.528179232052413,78705124169,active_state
1686495203.421,2023-06-11 14:53:23.421,1,1000.0,0.06250000151339918,0,10.528179232052413,78706264470,active_state
1686495203.965,2023-06-11 14:53:23.965,1,1000.0,1.0468594166278393,0,10.534431546962868,78707380212,active_state
1686495204.511,2023-06-11 14:53:24.511,1,1000.0,1.0468594166278393,0,10.534431546962868,78708469636,active_state
1686495205.055,2023-06-11 14:53:25.055,1,1000.0,1.6424272909532505,0,10.560744895679578,78709471946,active_state
1686495205.601,2023-06-11 14:53:25.601,1,1000.0,1.6424272909532505,0,10.560744895679578,78710562222,active_state
1686495206.165,2023-06-11 14:53:26.165,1,1000.0,0.9374999935971573,0,10.566631578139129,78711674240,active_state
1686495206.72,2023-06-11 14:53:26.720,1,1000.0,0.9374999935971573,0,10.566631578139129,78712767741,active_state
1686495207.303,2023-06-11 14:53:27.303,1,1000.0,0.9375000023282922,0,10.579977162597116,78714051057,active_state
1686495207.852,2023-06-11 14:53:27.852,1,1000.0,1.5625000029103688,0,10.552530353282604,78715100892,active_state
1686495208.397,2023-06-11 14:53:28.397,1,1000.0,1.5625000029103688,0,10.552530353282604,78716174338,active_state
1686495208.949,2023-06-11 14:53:28.949,1,1000.0,0.875000000814893,0,10.554261013550217,78717292019,active_state
1686495209.493,2023-06-11 14:53:29.493,1,1000.0,0.875000000814893,0,10.554261013550217,78718400024,active_state
1686495210.036,2023-06-11 14:53:30.036,1,1000.0,1.0625000024447218,0,10.538112246968632,78719497050,active_state
1686495210.581,2023-06-11 14:53:30.581,1,1000.0,1.0625000024447218,0,10.538112246968632,78720619438,active_state
1686495211.128,2023-06-11 14:53:31.128,1,1000.0,0.5624999932478971,0,10.535845325773028,78721671125,active_state
1686495211.676,2023-06-11 14:53:31.676,1,1000.0,0.5624999932478971,0,10.535845325773028,78722771932,active_state
1686495212.23,2023-06-11 14:53:32.230,1,1000.0,1.3125000026775524,0,10.538319438690811,78723879021,active_state
1686495212.776,2023-06-11 14:53:32.776,1,1000.0,0.9999999951105565,0,10.537271292331555,78724990950,active_state
1686495213.332,2023-06-11 14:53:33.332,1,1000.0,0.9999999951105565,0,10.537271292331555,78726024227,active_state
1686495213.882,2023-06-11 14:53:33.882,1,1000.0,0.5625000048894435,0,10.532981204907617,78727127502,active_state
1686495214.427,2023-06-11 14:53:34.427,1,1000.0,0.5625000048894435,0,10.532981204907617,78728217301,active_state
1686495214.973,2023-06-11 14:53:34.973,1,1000.0,3.499999997438877,0,10.513846439976984,78729311432,active_state
1686495215.519,2023-06-11 14:53:35.519,1,1000.0,3.499999997438877,0,10.513846439976984,78730406830,active_state
1686495216.073,2023-06-11 14:53:36.073,1,1000.0,0.874999994994127,0,10.484851786620315,78731167186,active_state
1686495216.626,2023-06-11 14:53:36.626,1,1000.0,0.874999994994127,0,10.484851786620315,78732297370,active_state
1686495217.184,2023-06-11 14:53:37.184,1,1000.0,1.3124999968567863,0,10.50582690155383,78733500875,active_state
1686495217.729,2023-06-11 14:53:37.729,1,1000.0,1.3124999968567863,0,10.50582690155383,78734626759,active_state
1686495218.279,2023-06-11 14:53:38.279,1,1000.0,0.8233532939940744,0,10.508764148909421,78735714162,active_state
1686495218.833,2023-06-11 14:53:38.833,1,1000.0,0.7389779582447886,0,10.526424196288076,78736807908,active_state
1686495219.401,2023-06-11 14:53:39.401,1,1000.0,0.7389779582447886,0,10.526424196288076,78737999597,active_state
1686495219.949,2023-06-11 14:53:39.949,1,1000.0,1.500000004307367,0,10.53211587477381,78739123197,active_state
1686495220.494,2023-06-11 14:53:40.494,1,1000.0,1.500000004307367,0,10.53211587477381,78740213461,active_state
1686495221.038,2023-06-11 14:53:41.038,1,1000.0,1.0624999966239557,0,10.534175604247235,78741304368,active_state
1686495221.584,2023-06-11 14:53:41.584,1,1000.0,1.0624999966239557,0,10.534175604247235,78742385896,active_state
1686495222.131,2023-06-11 14:53:42.131,1,1000.0,1.125000006868504,0,10.513919566467166,78743410535,active_state
1686495222.677,2023-06-11 14:53:42.677,1,1000.0,1.125000006868504,0,10.513919566467166,78744507152,active_state
1686495223.222,2023-06-11 14:53:43.222,1,1000.0,-5.8207518804920255e-09,0,10.528971435696038,78745606877,active_state
1686495223.767,2023-06-11 14:53:43.767,1,1000.0,1.7499999987194315,0,10.532518070469806,78746656661,active_state
1686495224.321,2023-06-11 14:53:44.321,1,1000.0,1.7499999987194315,0,10.532518070469806,78747738849,active_state
1686495224.866,2023-06-11 14:53:44.866,1,1000.0,0.18750000454018334,0,10.501085867440443,78748795414,active_state
1686495225.41,2023-06-11 14:53:45.410,1,1000.0,0.18750000454018334,0,10.501085867440443,78749881797,active_state
1686495225.954,2023-06-11 14:53:45.954,1,1000.0,1.6249999898718528,0,10.501244308169168,78751002399,active_state
1686495226.5,2023-06-11 14:53:46.500,1,1000.0,1.6249999898718528,0,10.501244308169168,78752045826,active_state
1686495227.046,2023-06-11 14:53:47.046,1,1000.0,0.9375000110594556,0,10.502353393270242,78753300659,active_state
1686495227.59,2023-06-11 14:53:47.590,1,1000.0,0.9375000110594556,0,10.502353393270242,78754412837,active_state
1686495228.137,2023-06-11 14:53:48.137,1,1000.0,1.999999996041879,0,10.49995240684264,78755575654,active_state
1686495228.688,2023-06-11 14:53:48.688,1,1000.0,1.999999996041879,0,10.49995240684264,78756620151,active_state
1686495229.235,2023-06-11 14:53:49.235,1,1000.0,0.12500000302681258,0,10.507033488641811,78757722667,active_state
1686495229.781,2023-06-11 14:53:49.781,1,1000.0,1.3124999939464033,0,10.522097545619047,78758918971,active_state
1686495230.325,2023-06-11 14:53:50.325,1,1000.0,1.3124999939464033,0,10.522097545619047,78759941280,active_state
1686495230.875,2023-06-11 14:53:50.875,1,1000.0,1.3750000071013204,0,10.537015349615922,78761054803,active_state
1686495231.428,2023-06-11 14:53:51.428,1,1000.0,1.3750000071013204,0,10.537015349615922,78762183617,active_state
1686495231.981,2023-06-11 14:53:51.981,1,1000.0,0.06249999278225005,0,10.55300567546878,78763308802,active_state
1686495232.527,2023-06-11 14:53:52.527,1,1000.0,0.06249999278225005,0,10.55300567546878,78764351082,active_state
1686495233.086,2023-06-11 14:53:53.086,1,1000.0,1.4375000027939677,0,10.55198190460625,78765401253,active_state
1686495233.632,2023-06-11 14:53:53.632,1,1000.0,1.4375000027939677,0,10.55198190460625,78766546407,active_state
1686495234.177,2023-06-11 14:53:54.177,1,1000.0,0.8749999979045242,0,10.558526725477428,78767612969,active_state
1686495234.722,2023-06-11 14:53:54.722,1,1000.0,0.8749999979045242,0,10.558526725477428,78768720584,active_state
1686495235.269,2023-06-11 14:53:55.269,1,1000.0,0.8750000066356733,0,10.529251753908397,78769814832,active_state
1686495235.834,2023-06-11 14:53:55.834,1,1000.0,0.9374999965075403,0,10.518258404884557,78770969321,active_state
1686495236.381,2023-06-11 14:53:56.381,1,1000.0,0.9374999965075403,0,10.518258404884557,78772045825,active_state
1686495236.927,2023-06-11 14:53:56.927,1,1000.0,0.9845463601047584,0,10.516783687332579,78773221787,active_state
1686495237.485,2023-06-11 14:53:57.485,1,1000.0,0.9845463601047584,0,10.516783687332579,78774342763,active_state
1686495238.035,2023-06-11 14:53:58.035,1,1000.0,1.7051153508255084,0,10.523036002243034,78775476078,active_state
1686495238.587,2023-06-11 14:53:58.587,1,1000.0,1.7051153508255084,0,10.523036002243034,78776478907,active_state
1686495239.132,2023-06-11 14:53:59.132,1,1000.0,0.12500000302679837,0,10.527667346621147,78777544765,active_state
1686495239.68,2023-06-11 14:53:59.680,1,1000.0,0.12500000302679837,0,10.527667346621147,78778646820,active_state
1686495240.227,2023-06-11 14:54:00.227,1,1000.0,1.312499996856772,0,10.535345628090127,78779805667,active_state
1686495240.772,2023-06-11 14:54:00.772,1,1000.0,0.6249999947613105,0,10.552445039044061,78780908240,active_state
1686495241.323,2023-06-11 14:54:01.323,1,1000.0,0.6249999947613105,0,10.552445039044061,78781877613,active_state
1686495241.869,2023-06-11 14:54:01.869,1,1000.0,1.5000000101281188,0,10.544596129097993,78783043293,active_state
1686495242.42,2023-06-11 14:54:02.420,1,1000.0,1.5000000101281188,0,10.544596129097993,78784136804,active_state
1686495242.967,2023-06-11 14:54:02.967,1,1000.0,0.7499999948777258,0,10.518319343626374,78785272767,active_state
1686495243.513,2023-06-11 14:54:03.513,1,1000.0,0.7499999948777258,0,10.518319343626374,78786331668,active_state
1686495244.069,2023-06-11 14:54:04.069,1,1000.0,0.12500000011642953,0,10.518611849587097,78787407712,active_state
1686495244.642,2023-06-11 14:54:04.642,1,1000.0,0.12500000011642953,0,10.518611849587097,78788584776,active_state
1686495245.187,2023-06-11 14:54:05.187,1,1000.0,1.8125000031432137,0,10.513480807526081,78789686269,active_state
1686495245.734,2023-06-11 14:54:05.734,1,1000.0,1.8125000031432137,0,10.513480807526081,78790767572,active_state
1686495246.281,2023-06-11 14:54:06.281,1,1000.0,0.5000000004656471,0,10.516442430378401,78791887221,active_state
1686495246.832,2023-06-11 14:54:06.832,1,1000.0,1.562499994179234,0,10.501670879361887,78793045308,active_state
1686495247.524,2023-06-11 14:54:07.524,1,1000.0,1.562499994179234,0,10.501670879361887,78794155876,active_state
1686495248.07,2023-06-11 14:54:08.070,1,1000.0,1.7500000045401833,0,10.506948174403266,78795306972,active_state
1686495248.619,2023-06-11 14:54:08.619,1,1000.0,1.7500000045401833,0,10.506948174403266,78796425025,active_state
1686495249.163,2023-06-11 14:54:09.163,1,1000.0,0.8125000022118769,0,10.512834856862817,78797543803,active_state
1686495249.711,2023-06-11 14:54:09.711,1,1000.0,0.8125000022118769,0,10.512834856862817,78798644435,active_state
1686495250.282,2023-06-11 14:54:10.282,1,1000.0,1.0624999908031896,0,10.520305946609618,78799751290,active_state
1686495250.844,2023-06-11 14:54:10.844,1,1000.0,1.187499999650754,0,10.508959152883238,78800849407,active_state
1686495251.39,2023-06-11 14:54:11.390,1,1000.0,1.187499999650754,0,10.508959152883238,78801978511,active_state
1686495251.939,2023-06-11 14:54:11.939,1,1000.0,0.8750000066356733,0,10.502743401217874,78803036285,active_state
1686495252.484,2023-06-11 14:54:12.484,1,1000.0,0.8750000066356733,0,10.502743401217874,78804157716,active_state
1686495253.032,2023-06-11 14:54:13.032,1,1000.0,0.8124999963911392,0,10.516418054881676,78805271774,active_state
1686495253.579,2023-06-11 14:54:13.579,1,1000.0,0.8124999963911392,0,10.516418054881676,78806358887,active_state
1686495386.387,2023-06-11 14:56:26.387,1,1000.0,1.0000000009313226,0,10.486204626688659,79068881036,warm_cpu_to_warm_disk_process
1686495386.821,2023-06-11 14:56:26.821,1,1000.0,2.1875000005820766,0,10.490835971066772,79070009732,warm_cpu_to_warm_disk_process
1686495387.206,2023-06-11 14:56:27.206,1,1000.0,2.1875000005820766,0,10.490835971066772,79070213131,warm_cpu_to_warm_disk_process
1686495387.59,2023-06-11 14:56:27.590,1,1000.0,2.1875000005820766,0,10.490835971066772,79070455322,warm_cpu_to_warm_disk_process
1686495387.965,2023-06-11 14:56:27.965,1,1000.0,2.124999999068663,0,10.023898955765908,79070766344,warm_cpu_to_warm_disk_process
1686495388.343,2023-06-11 14:56:28.343,1,1000.0,2.124999999068663,0,10.023898955765908,79070916646,warm_cpu_to_warm_disk_process
1686495388.721,2023-06-11 14:56:28.721,1,1000.0,2.124999999068663,0,10.023898955765908,79071057676,warm_cpu_to_warm_disk_process
1686495389.096,2023-06-11 14:56:29.096,1,1000.0,0.8124999993014939,0,9.997707484532834,79071367296,warm_cpu_to_warm_disk_process
1686495389.478,2023-06-11 14:56:29.478,1,1000.0,0.8124999993014939,0,9.997707484532834,79071668530,warm_cpu_to_warm_disk_process
1686495389.861,2023-06-11 14:56:29.861,1,1000.0,1.0625000024447218,0,10.01023648985047,79071821235,warm_cpu_to_warm_disk_process
1686495390.24,2023-06-11 14:56:30.240,1,1000.0,1.0625000024447218,0,10.01023648985047,79072142788,warm_cpu_to_warm_disk_process
1686495390.619,2023-06-11 14:56:30.619,1,1000.0,1.0625000024447218,0,10.01023648985047,79072285051,warm_cpu_to_warm_disk_process
1686495390.994,2023-06-11 14:56:30.994,1,1000.0,0.437499993131496,0,10.012613100781344,79072542697,warm_cpu_to_warm_disk_process
1686495391.373,2023-06-11 14:56:31.373,1,1000.0,0.437499993131496,0,10.012613100781344,79072751125,warm_cpu_to_warm_disk_process
1686495391.747,2023-06-11 14:56:31.747,1,1000.0,0.437499993131496,0,10.012613100781344,79072868942,warm_cpu_to_warm_disk_process
1686495392.13,2023-06-11 14:56:32.130,1,1000.0,1.7500000074505806,0,9.998304684202642,79073192447,warm_cpu_to_warm_disk_process
1686495392.514,2023-06-11 14:56:32.514,1,1000.0,1.7500000074505806,0,9.998304684202642,79073358168,warm_cpu_to_warm_disk_process
1686495392.887,2023-06-11 14:56:32.887,1,1000.0,0.8749999949941412,0,10.02985876471564,79073521318,warm_cpu_to_warm_disk_process
1686495393.258,2023-06-11 14:56:33.258,1,1000.0,0.8749999949941412,0,10.02985876471564,79073834983,warm_cpu_to_warm_disk_process
1686495393.634,2023-06-11 14:56:33.634,1,1000.0,0.8749999949941412,0,10.02985876471564,79073973365,warm_cpu_to_warm_disk_process
1686495394.011,2023-06-11 14:56:34.011,1,1000.0,0.6250000034924454,0,10.04342372864417,79074125934,warm_cpu_to_warm_disk_process
1686495394.387,2023-06-11 14:56:34.387,1,1000.0,0.6250000034924454,0,10.04342372864417,79074455697,warm_cpu_to_warm_disk_process
1686495394.766,2023-06-11 14:56:34.766,1,1000.0,2.5624999980209395,0,10.042850904471088,79074606601,warm_cpu_to_warm_disk_process
1686495395.139,2023-06-11 14:56:35.139,1,1000.0,2.5624999980209395,0,10.042850904471088,79074784493,warm_cpu_to_warm_disk_process
1686495395.515,2023-06-11 14:56:35.515,1,1000.0,2.5624999980209395,0,10.042850904471088,79075091798,warm_cpu_to_warm_disk_process
1686495395.938,2023-06-11 14:56:35.938,1,1000.0,1.5625000058207519,0,10.054173322700741,79075255516,warm_cpu_to_warm_disk_process
1686495396.314,2023-06-11 14:56:36.314,1,1000.0,1.5625000058207519,0,10.054173322700741,79075402136,warm_cpu_to_warm_disk_process
1686495396.689,2023-06-11 14:56:36.689,1,1000.0,1.5625000058207519,0,10.054173322700741,79075696672,warm_cpu_to_warm_disk_process
1686495397.07,2023-06-11 14:56:37.070,1,1000.0,0.9374999994179376,0,10.043728422353256,79075862438,warm_cpu_to_warm_disk_process
1686495397.452,2023-06-11 14:56:37.452,1,1000.0,0.9374999994179376,0,10.043728422353256,79076115830,warm_cpu_to_warm_disk_process
1686495397.827,2023-06-11 14:56:37.827,1,1000.0,0.8124999963911108,0,10.020413259733958,79076428188,warm_cpu_to_warm_disk_process
1686495398.208,2023-06-11 14:56:38.208,1,1000.0,0.8124999963911108,0,10.020413259733958,79076572516,warm_cpu_to_warm_disk_process
1686495398.588,2023-06-11 14:56:38.588,1,1000.0,0.8124999963911108,0,10.020413259733958,79076724489,warm_cpu_to_warm_disk_process
1686495398.965,2023-06-11 14:56:38.965,1,1000.0,1.5625000029103688,0,10.00389886070147,79077031506,warm_cpu_to_warm_disk_process
1686495399.344,2023-06-11 14:56:39.344,1,1000.0,1.5625000029103688,0,10.00389886070147,79077289009,warm_cpu_to_warm_disk_process
1686495399.721,2023-06-11 14:56:39.721,1,1000.0,1.5625000029103688,0,10.00389886070147,79077593920,warm_cpu_to_warm_disk_process
1686495400.104,2023-06-11 14:56:40.104,1,1000.0,1.1249999952269718,0,10.01097994250064,79077862424,warm_cpu_to_warm_disk_process
1686495400.479,2023-06-11 14:56:40.479,1,1000.0,1.1249999952269718,0,10.01097994250064,79078037913,warm_cpu_to_warm_disk_process
1686495400.857,2023-06-11 14:56:40.857,1,1000.0,1.0624999995343245,0,10.013417492173332,79078294657,warm_cpu_to_warm_disk_process
1686495401.23,2023-06-11 14:56:41.230,1,1000.0,1.0624999995343245,0,10.013417492173332,79078471994,warm_cpu_to_warm_disk_process
1686495401.607,2023-06-11 14:56:41.607,1,1000.0,1.0624999995343245,0,10.013417492173332,79078629775,warm_cpu_to_warm_disk_process
1686495401.98,2023-06-11 14:56:41.980,1,1000.0,0.4374999989522479,0,10.088457458847154,79078941983,warm_cpu_to_warm_disk_process
1686495402.359,2023-06-11 14:56:42.359,1,1000.0,0.4374999989522479,0,10.088457458847154,79079094776,warm_cpu_to_warm_disk_process
1686495402.736,2023-06-11 14:56:42.736,1,1000.0,0.4374999989522479,0,10.088457458847154,79079251846,warm_cpu_to_warm_disk_process
1686495403.117,2023-06-11 14:56:43.117,1,1000.0,0.9375000052387037,0,10.037000785256627,79079585928,warm_cpu_to_warm_disk_process
1686495403.49,2023-06-11 14:56:43.490,1,1000.0,0.9375000052387037,0,10.037000785256627,79079740641,warm_cpu_to_warm_disk_process
1686495403.877,2023-06-11 14:56:43.877,1,1000.0,0.8750000066356876,0,10.051016695874605,79079895627,warm_cpu_to_warm_disk_process
1686495404.252,2023-06-11 14:56:44.252,1,1000.0,0.8750000066356876,0,10.051016695874605,79080182731,warm_cpu_to_warm_disk_process
1686495404.626,2023-06-11 14:56:44.626,1,1000.0,0.8750000066356876,0,10.051016695874605,79080355886,warm_cpu_to_warm_disk_process
1686495405.003,2023-06-11 14:56:45.003,1,1000.0,0.812499993480742,0,10.04074242400421,79080507587,warm_cpu_to_warm_disk_process
1686495405.385,2023-06-11 14:56:45.385,1,1000.0,0.812499993480742,0,10.04074242400421,79080836831,warm_cpu_to_warm_disk_process
1686495405.763,2023-06-11 14:56:45.763,1,1000.0,0.812499993480742,0,10.04839632997646,79080984434,warm_cpu_to_warm_disk_process
1686495406.139,2023-06-11 14:56:46.139,1,1000.0,0.31249999883583257,0,10.04839632997646,79081125479,warm_cpu_to_warm_disk_process
1686495406.533,2023-06-11 14:56:46.533,1,1000.0,0.31249999883583257,0,10.04839632997646,79081460577,warm_cpu_to_warm_disk_process
1686495406.91,2023-06-11 14:56:46.910,1,1000.0,1.6249999986030161,0,10.057305574030151,79081612294,warm_cpu_to_warm_disk_process
1686495407.298,2023-06-11 14:56:47.298,1,1000.0,1.6249999986030161,0,10.057305574030151,79081822559,warm_cpu_to_warm_disk_process
1686495407.671,2023-06-11 14:56:47.671,1,1000.0,1.6249999986030161,0,10.057305574030151,79082148679,warm_cpu_to_warm_disk_process
1686495408.046,2023-06-11 14:56:48.046,1,1000.0,1.3750000012805828,0,10.036013577639187,79082303793,warm_cpu_to_warm_disk_process
1686495408.423,2023-06-11 14:56:48.423,1,1000.0,1.3750000012805828,0,10.036013577639187,79082472354,warm_cpu_to_warm_disk_process
1686495408.799,2023-06-11 14:56:48.799,1,1000.0,1.187500002561137,0,10.035123872008654,79082767515,warm_cpu_to_warm_disk_process
1686495409.175,2023-06-11 14:56:49.175,1,1000.0,1.187500002561137,0,10.035123872008654,79082899921,warm_cpu_to_warm_disk_process
1686495409.572,2023-06-11 14:56:49.572,1,1000.0,1.187500002561137,0,10.035123872008654,79083195387,warm_cpu_to_warm_disk_process
1686495410.03,2023-06-11 14:56:50.030,1,1000.0,0.8124999993014939,0,10.035148247505381,79083555370,warm_cpu_to_warm_disk_process
1686495410.425,2023-06-11 14:56:50.425,1,1000.0,0.8124999993014939,0,10.035148247505381,79083794621,warm_cpu_to_warm_disk_process
1686495410.815,2023-06-11 14:56:50.815,1,1000.0,0.5000000004656471,0,10.035891700155553,79084045511,warm_cpu_to_warm_disk_process
1686495411.205,2023-06-11 14:56:51.205,1,1000.0,0.5000000004656471,0,10.035891700155553,79084235595,warm_cpu_to_warm_disk_process
1686495411.582,2023-06-11 14:56:51.582,1,1000.0,0.5000000004656471,0,10.035891700155553,79084380765,warm_cpu_to_warm_disk_process
1686495411.955,2023-06-11 14:56:51.955,1,1000.0,0.6250000005820624,0,10.021168900132494,79084709353,warm_cpu_to_warm_disk_process
1686495412.333,2023-06-11 14:56:52.333,1,1000.0,0.6250000005820624,0,10.021168900132494,79084840720,warm_cpu_to_warm_disk_process
1686495412.714,2023-06-11 14:56:52.714,1,1000.0,0.6250000005820624,0,10.021168900132494,79085008564,warm_cpu_to_warm_disk_process
1686495413.107,2023-06-11 14:56:53.107,1,1000.0,1.874999993015095,0,10.037829552145343,79085336255,warm_cpu_to_warm_disk_process
1686495413.483,2023-06-11 14:56:53.483,1,1000.0,1.874999993015095,0,10.037829552145343,79085491276,warm_cpu_to_warm_disk_process
1686495413.86,2023-06-11 14:56:53.860,1,1000.0,0.5000000062864416,0,10.010809314023552,79085658018,warm_cpu_to_warm_disk_process
1686495414.236,2023-06-11 14:56:54.236,1,1000.0,0.5000000062864416,0,10.010809314023552,79085934461,warm_cpu_to_warm_disk_process
1686495414.623,2023-06-11 14:56:54.623,1,1000.0,0.5000000062864416,0,10.010809314023552,79086453117,warm_cpu_to_warm_disk_process
1686495415.003,2023-06-11 14:56:55.003,1,1000.0,0.6249999947613247,0,10.0137953123726,79086605355,warm_cpu_to_warm_disk_process
1686495415.379,2023-06-11 14:56:55.379,1,1000.0,0.6249999947613247,0,10.0137953123726,79086912145,warm_cpu_to_warm_disk_process
1686495415.754,2023-06-11 14:56:55.754,1,1000.0,0.6249999947613247,0,10.0137953123726,79087058666,warm_cpu_to_warm_disk_process
1686495416.129,2023-06-11 14:56:56.129,1,1000.0,1.7500000103609636,0,10.029432193522918,79087220695,warm_cpu_to_warm_disk_process
1686495416.503,2023-06-11 14:56:56.503,1,1000.0,1.7500000103609636,0,10.029432193522918,79087561922,warm_cpu_to_warm_disk_process
1686495416.879,2023-06-11 14:56:56.879,1,1000.0,2.812499998253756,0,9.994892114660873,79087721654,warm_cpu_to_warm_disk_process
1686495437.658,2023-06-11 14:57:17.658,0,1000.0,1.7499999987194315,0,10.014819083235132,79096703084,warm_disk_to_cold_process
1686495438.023,2023-06-11 14:57:18.023,0,1000.0,1.8125000060535967,0,9.96814000700308,79097983241,warm_disk_to_cold_process
1686495438.358,2023-06-11 14:57:18.358,0,1000.0,1.8125000060535967,0,9.96814000700308,79100889900,warm_disk_to_cold_process
1686495448.771,2023-06-11 14:57:28.771,0,1000.0,1.4999999926658347,0,10.001936633214955,79106288318,cold_state
1686495449.299,2023-06-11 14:57:29.299,0,1000.0,1.4999999926658347,0,10.001936633214955,79106546025,cold_state
1686495449.836,2023-06-11 14:57:29.836,0,1000.0,0.6874999962747097,0,9.994404604726336,79106833838,cold_state
1686495450.365,2023-06-11 14:57:30.365,0,1000.0,0.6874999962747097,0,9.994404604726336,79107091436,cold_state
1686495450.889,2023-06-11 14:57:30.889,0,1000.0,0.3125000017462298,0,9.984654406035567,79107374743,cold_state
1686495451.418,2023-06-11 14:57:31.418,0,1000.0,0.3125000017462298,0,9.984654406035567,79107637641,cold_state
1686495451.941,2023-06-11 14:57:31.941,0,1000.0,1.2500000011641674,0,9.972722600387742,79107996469,cold_state
1686495452.471,2023-06-11 14:57:32.471,0,1000.0,1.2500000011641674,0,9.972722600387742,79108285283,cold_state
1686495452.997,2023-06-11 14:57:32.997,0,1000.0,0.6249999976716936,0,9.975026084828436,79108774927,cold_state
1686495453.52,2023-06-11 14:57:33.520,0,1000.0,0.6249999976716936,0,9.975026084828436,79109063719,cold_state
1686495454.045,2023-06-11 14:57:34.045,0,1000.0,1.3750000012805685,0,9.971516013299759,79109321516,cold_state
1686495454.574,2023-06-11 14:57:34.574,0,1000.0,1.3750000012805685,0,9.971516013299759,79109595433,cold_state
1686495455.1,2023-06-11 14:57:35.100,0,1000.0,1.3125000026775524,0,9.979828057683637,79109868993,cold_state
1686495455.629,2023-06-11 14:57:35.629,0,1000.0,1.3125000026775524,0,9.979828057683637,79110154194,cold_state
1686495456.153,2023-06-11 14:57:36.153,0,1000.0,3.187500004423768,0,9.956561646057793,79110405840,cold_state
1686495456.679,2023-06-11 14:57:36.679,0,1000.0,3.187500004423768,0,9.956561646057793,79110653922,cold_state
1686495457.204,2023-06-11 14:57:37.204,0,1000.0,0.8750000008149073,0,9.930711431778896,79110919681,cold_state
1686495457.729,2023-06-11 14:57:37.729,0,1000.0,0.8750000008149073,0,9.930711431778896,79111307024,cold_state
1686495458.254,2023-06-11 14:57:38.254,0,1000.0,1.767928282330459,0,9.973307612309187,79111570524,cold_state
1686495458.782,2023-06-11 14:57:38.782,0,1000.0,0.6024096336451379,0,9.975745161981878,79111843220,cold_state
1686495459.311,2023-06-11 14:57:39.311,0,1000.0,0.6024096336451379,0,9.975745161981878,79112089766,cold_state
1686495459.839,2023-06-11 14:57:39.839,0,1000.0,1.1250000126892843,0,9.94735989604338,79112460634,cold_state
1686495460.381,2023-06-11 14:57:40.381,0,1000.0,1.1250000126892843,0,9.94735989604338,79112751405,cold_state
1686495460.907,2023-06-11 14:57:40.907,0,1000.0,0.9999999892897904,0,9.947591463262286,79113032184,cold_state
1686495461.434,2023-06-11 14:57:41.434,0,1000.0,0.9999999892897904,0,9.947591463262286,79113289227,cold_state
1686495461.968,2023-06-11 14:57:41.968,0,1000.0,0.4375000047730282,0,9.950894343068786,79113665837,cold_state
1686495462.493,2023-06-11 14:57:42.493,0,1000.0,0.4375000047730282,0,9.950894343068786,79113910040,cold_state
1686495463.02,2023-06-11 14:57:43.020,0,1000.0,1.8125000031432137,0,9.93735375463698,79114193212,cold_state
1686495463.555,2023-06-11 14:57:43.555,0,1000.0,1.8125000031432137,0,9.93735375463698,79114472096,cold_state
1686495464.093,2023-06-11 14:57:44.093,0,1000.0,-5.820766091346741e-09,0,9.96267989573625,79114708125,cold_state
1686495464.622,2023-06-11 14:57:44.622,0,1000.0,-5.820766091346741e-09,0,9.96267989573625,79114966760,cold_state
1686495465.147,2023-06-11 14:57:45.147,0,1000.0,0.6875000020954758,0,9.974258256681537,79115253946,cold_state
1686495465.672,2023-06-11 14:57:45.672,0,1000.0,0.6875000020954758,0,9.974258256681537,79115541204,cold_state
1686495466.196,2023-06-11 14:57:46.196,0,1000.0,1.125000003958121,0,9.961875504344262,79115798601,cold_state
1686495466.722,2023-06-11 14:57:46.722,0,1000.0,1.125000003958121,0,9.961875504344262,79116049048,cold_state
1686495467.247,2023-06-11 14:57:47.247,0,1000.0,1.4999999868450544,0,9.998938447117544,79116326085,cold_state
1686495467.777,2023-06-11 14:57:47.777,0,1000.0,1.2500000040745363,0,9.946177684452126,79116725754,cold_state
1686495468.303,2023-06-11 14:57:48.303,0,1000.0,1.2500000040745363,0,9.946177684452126,79116962601,cold_state
1686495468.83,2023-06-11 14:57:48.830,0,1000.0,1.6250000102445483,0,9.957012592747242,79117230738,cold_state
1686495469.36,2023-06-11 14:57:49.360,0,1000.0,1.6250000102445483,0,9.957012592747242,79117476404,cold_state
1686495469.892,2023-06-11 14:57:49.892,0,1000.0,0.12499999429566344,0,9.953051574529118,79117895796,cold_state
1686495470.418,2023-06-11 14:57:50.418,0,1000.0,0.12499999429566344,0,9.953051574529118,79118220792,cold_state
1686495470.941,2023-06-11 14:57:50.941,0,1000.0,1.7499999987194315,0,9.95753666592687,79118533875,cold_state
1686495471.47,2023-06-11 14:57:51.470,0,1000.0,1.7499999987194315,0,9.95753666592687,79118780466,cold_state
1686495471.999,2023-06-11 14:57:51.999,0,1000.0,0.8750000037252903,0,9.96584871031075,79119185420,cold_state
1686495472.526,2023-06-11 14:57:52.526,0,1000.0,0.8750000037252903,0,9.96584871031075,79119436119,cold_state
1686495473.051,2023-06-11 14:57:53.051,0,1000.0,0.8125000022118911,0,9.952649378833122,79119717675,cold_state
1686495473.581,2023-06-11 14:57:53.581,0,1000.0,0.8125000022118911,0,9.952649378833122,79119991534,cold_state
1686495474.112,2023-06-11 14:57:54.112,0,1000.0,0.6874999962746955,0,9.950943094062238,79120259788,cold_state
1686495474.639,2023-06-11 14:57:54.639,0,1000.0,0.6874999962746955,0,9.950943094062238,79120552320,cold_state
1686495475.169,2023-06-11 14:57:55.169,0,1000.0,0.49999999755526403,0,9.96193644308608,79120825372,cold_state
1686495475.693,2023-06-11 14:57:55.693,0,1000.0,0.49999999755526403,0,9.96193644308608,79121099927,cold_state
1686495476.22,2023-06-11 14:57:56.220,0,1000.0,0.9375000052386895,0,9.934124001320663,79121357249,cold_state
1686495476.745,2023-06-11 14:57:56.745,0,1000.0,0.9375000052386895,0,9.934124001320663,79121610409,cold_state
1686495477.272,2023-06-11 14:57:57.272,0,1000.0,1.1249999923165888,0,9.948139911938643,79121879621,cold_state
1686495477.802,2023-06-11 14:57:57.802,0,1000.0,2.1249999961582944,0,9.935635282117733,79122283305,cold_state
1686495478.328,2023-06-11 14:57:58.328,0,1000.0,2.1249999961582944,0,9.935635282117733,79122521410,cold_state
1686495478.855,2023-06-11 14:57:58.855,0,1000.0,0.8750000066356876,0,9.948712736111725,79122787581,cold_state
1686495479.389,2023-06-11 14:57:59.389,0,1000.0,0.8750000066356876,0,9.948712736111725,79123007202,cold_state
1686495479.915,2023-06-11 14:57:59.915,0,1000.0,0.2499999973224476,0,9.958779816259945,79123302037,cold_state
1686495480.447,2023-06-11 14:58:00.447,0,1000.0,0.2499999973224476,0,9.958779816259945,79123574082,cold_state
1686495480.973,2023-06-11 14:58:00.973,0,1000.0,0.8124999993014939,0,9.929675473168002,79123837546,cold_state
1686495481.497,2023-06-11 14:58:01.497,0,1000.0,0.8124999993014939,0,9.929675473168002,79124090524,cold_state
1686495482.022,2023-06-11 14:58:02.022,0,1000.0,1.125000001047738,0,9.932649283768685,79124486317,cold_state
1686495482.547,2023-06-11 14:58:02.547,0,1000.0,1.125000001047738,0,9.932649283768685,79124735895,cold_state
1686495483.074,2023-06-11 14:58:03.074,0,1000.0,0.8124999993014939,0,9.94773771624265,79125010440,cold_state
1686495483.603,2023-06-11 14:58:03.603,0,1000.0,0.8124999993014939,0,9.94773771624265,79125267637,cold_state
1686495484.131,2023-06-11 14:58:04.131,0,1000.0,1.8750000046565987,0,9.963728042095509,79125559536,cold_state
1686495484.656,2023-06-11 14:58:04.656,0,1000.0,1.8750000046565987,0,9.963728042095509,79125811567,cold_state
1686495485.181,2023-06-11 14:58:05.181,0,1000.0,0.8125000022118911,0,9.993307707373624,79126100085,cold_state
1686495485.705,2023-06-11 14:58:05.705,0,1000.0,0.8125000022118911,0,9.993307707373624,79126372167,cold_state
1686495486.234,2023-06-11 14:58:06.234,0,1000.0,0.375000003259629,0,9.98835948153806,79126637886,cold_state
1686495486.765,2023-06-11 14:58:06.765,0,1000.0,0.375000003259629,0,9.98835948153806,79126903536,cold_state
1686495487.293,2023-06-11 14:58:07.293,0,1000.0,1.5624999912688509,0,9.975672035491698,79127153693,cold_state
1686495487.821,2023-06-11 14:58:07.821,0,1000.0,1.7500000074505664,0,9.951552481480412,79127570499,cold_state
1686495488.357,2023-06-11 14:58:08.357,0,1000.0,1.7500000074505664,0,9.951552481480412,79127814308,cold_state
1686495488.881,2023-06-11 14:58:08.881,0,1000.0,0.7499999948777258,0,9.963776793088961,79128096500,cold_state
1686495489.407,2023-06-11 14:58:09.407,0,1000.0,0.7499999948777258,0,9.963776793088961,79128336536,cold_state
1686495489.94,2023-06-11 14:58:09.940,0,1000.0,1.0625000053551048,0,9.950796841081877,79128720875,cold_state
1686495490.466,2023-06-11 14:58:10.466,0,1000.0,1.0625000053551048,0,9.950796841081877,79128981218,cold_state
1686495490.99,2023-06-11 14:58:10.990,0,1000.0,1.2499999953433871,0,9.980876204042897,79129249224,cold_state
1686495491.517,2023-06-11 14:58:11.517,0,1000.0,1.2499999953433871,0,9.980876204042897,79129496358,cold_state
1686495492.042,2023-06-11 14:58:12.042,0,1000.0,0.12500000302678416,0,9.980742138810896,79129891799,cold_state
1686495492.57,2023-06-11 14:58:12.570,0,1000.0,0.12500000302678416,0,9.980742138810896,79130140608,cold_state
1686495493.098,2023-06-11 14:58:13.098,0,1000.0,1.6875000001164153,0,9.97842646662184,79130407782,cold_state
1686495493.623,2023-06-11 14:58:13.623,0,1000.0,1.6875000001164153,0,9.97842646662184,79130676083,cold_state
1686495494.152,2023-06-11 14:58:14.152,0,1000.0,0.6874999991850785,0,9.965227135144215,79130966744,cold_state
1686495494.676,2023-06-11 14:58:14.676,0,1000.0,0.6874999991850785,0,9.965227135144215,79131224313,cold_state
1686495495.205,2023-06-11 14:58:15.205,0,1000.0,1.2499999953433871,0,9.983399067954132,79131506398,cold_state
1686495495.742,2023-06-11 14:58:15.742,0,1000.0,1.2499999953433871,0,9.983399067954132,79131778165,cold_state
1686495496.272,2023-06-11 14:58:16.272,0,1000.0,1.051980199518212,0,9.96905408813034,79132054410,cold_state
1686495496.8,2023-06-11 14:58:16.800,0,1000.0,0.2525252595807217,0,9.986153499084272,79132319010,cold_state
1686495497.328,2023-06-11 14:58:17.328,0,1000.0,0.2525252595807217,0,9.986153499084272,79132638089,cold_state
1686495497.86,2023-06-11 14:58:17.860,0,1000.0,2.312499991967343,0,9.988700738492238,79133058919,cold_state
1686495498.393,2023-06-11 14:58:18.393,0,1000.0,2.312499991967343,0,9.988700738492238,79133316690,cold_state
1686495498.916,2023-06-11 14:58:18.916,0,1000.0,0.375000003259629,0,9.957000404998878,79133588486,cold_state
1686495499.446,2023-06-11 14:58:19.446,0,1000.0,0.375000003259629,0,9.957000404998878,79133838955,cold_state
1686495499.974,2023-06-11 14:58:19.974,0,1000.0,1.1249999952269718,0,9.954733483803274,79134130387,cold_state
1686495500.503,2023-06-11 14:58:20.503,0,1000.0,1.1249999952269718,0,9.954733483803274,79134452352,cold_state
1686495501.039,2023-06-11 14:58:21.039,0,1000.0,0.7500000006984777,0,9.97799989542912,79134775967,cold_state
1686495501.564,2023-06-11 14:58:21.564,0,1000.0,0.7500000006984777,0,9.97799989542912,79135023569,cold_state
1686495502.091,2023-06-11 14:58:22.091,0,1000.0,1.437499999883599,0,9.980815265301079,79135417328,cold_state
1686495502.619,2023-06-11 14:58:22.619,0,1000.0,1.437499999883599,0,9.980815265301079,79135647004,cold_state
1686495503.15,2023-06-11 14:58:23.150,0,1000.0,1.0625000024447218,0,9.978231462648026,79135916785,cold_state
1686495503.678,2023-06-11 14:58:23.678,0,1000.0,1.0625000024447218,0,9.978231462648026,79136181143,cold_state
1686495504.204,2023-06-11 14:58:24.204,0,1000.0,0.8125000022118769,0,10.006019528916713,79136470041,cold_state
1686495504.73,2023-06-11 14:58:24.730,0,1000.0,0.8125000022118769,0,10.006019528916713,79136765350,cold_state
1686495505.257,2023-06-11 14:58:25.257,0,1000.0,0.18749999580904841,0,9.994745861680512,79137050659,cold_state
1686495505.785,2023-06-11 14:58:25.785,0,1000.0,0.9375000023282922,0,10.009054278259216,79137344486,cold_state
1686495506.314,2023-06-11 14:58:26.314,0,1000.0,0.9375000023282922,0,10.009054278259216,79137601542,cold_state
1686495506.841,2023-06-11 14:58:26.841,0,1000.0,1.125000003958121,0,10.012613100781344,79137870521,cold_state
1686495507.372,2023-06-11 14:58:27.372,0,1000.0,1.125000003958121,0,10.012613100781344,79138119440,cold_state
1686495507.909,2023-06-11 14:58:27.909,0,1000.0,1.5624999912688367,0,10.005544206730537,79138499464,cold_state
1686495508.436,2023-06-11 14:58:28.436,0,1000.0,1.5624999912688367,0,10.005544206730537,79138780839,cold_state
1686495508.963,2023-06-11 14:58:28.963,0,1000.0,1.6250000073341369,0,10.013332177934789,79139046060,cold_state
1686495509.488,2023-06-11 14:58:29.488,0,1000.0,1.6250000073341369,0,10.013332177934789,79139854681,cold_state
1686495510.012,2023-06-11 14:58:30.012,0,1000.0,0.9374999965075261,0,10.02179047529903,79140135682,cold_state
1686495510.538,2023-06-11 14:58:30.538,0,1000.0,0.9374999965075261,0,10.02179047529903,79140406859,cold_state
1686495511.063,2023-06-11 14:58:31.063,0,1000.0,0.37500000034924597,0,10.012430284555892,79140673364,cold_state
1686495511.589,2023-06-11 14:58:31.589,0,1000.0,0.37500000034924597,0,10.012430284555892,79140922044,cold_state
1686495512.146,2023-06-11 14:58:32.146,0,1000.0,1.2499999953434013,0,10.015550348136939,79141333626,cold_to_warm_disk_process
1686495512.494,2023-06-11 14:58:32.494,0,1000.0,1.2499999953434013,0,10.015550348136939,79141497489,cold_to_warm_disk_process
1686495512.852,2023-06-11 14:58:32.852,0,1000.0,1.1250000039581352,0,10.017841644829268,79141692951,cold_to_warm_disk_process
1686495513.506,2023-06-11 14:58:33.506,0,1000.0,1.1250000039581352,0,10.017841644829268,79142790562,cold_to_warm_disk_process
1686495514.084,2023-06-11 14:58:34.084,1,1000.0,1.9375000003492318,0,10.019974500792873,79147346295,cold_to_warm_disk_process
1686495514.487,2023-06-11 14:58:34.487,1,1000.0,1.9375000003492318,0,10.019974500792873,79148388034,cold_to_warm_disk_process
1686495514.882,2023-06-11 14:58:34.882,1,1000.0,4.187500002444722,0,10.242900606108913,79149388274,cold_to_warm_disk_process
1686495515.273,2023-06-11 14:58:35.273,1,1000.0,4.187500002444722,0,10.242900606108913,79150375248,cold_to_warm_disk_process
1686495515.665,2023-06-11 14:58:35.665,1,1000.0,4.187500002444722,0,10.242900606108913,79151334018,cold_to_warm_disk_process
1686495516.064,2023-06-11 14:58:36.064,1,1000.0,6.312500001513399,0,10.192102070930014,79152350229,cold_to_warm_disk_process
1686495516.472,2023-06-11 14:58:36.472,1,1000.0,6.312500001513399,0,10.192102070930014,79153339908,cold_to_warm_disk_process
1686495516.867,2023-06-11 14:58:36.867,1,1000.0,0.7499999919673428,0,10.206593303734168,79154318868,cold_to_warm_disk_process
1686495517.263,2023-06-11 14:58:37.263,1,1000.0,0.7499999919673428,0,10.206593303734168,79155285478,cold_to_warm_disk_process
1686495517.673,2023-06-11 14:58:37.673,1,1000.0,0.7499999919673428,0,10.206593303734168,79156405506,cold_to_warm_disk_process
1686495518.081,2023-06-11 14:58:38.081,1,1000.0,3.4375000017462156,0,10.032613195845782,79157437261,cold_to_warm_disk_process
1686495518.481,2023-06-11 14:58:38.481,1,1000.0,3.4375000017462156,0,10.032613195845782,79158309486,cold_to_warm_disk_process
1686495518.876,2023-06-11 14:58:38.876,1,1000.0,4.750000004423782,0,10.026214627954966,79159257066,cold_to_warm_disk_process
1686495519.361,2023-06-11 14:58:39.361,1,1000.0,4.750000004423782,0,10.026214627954966,79160236066,cold_to_warm_disk_process
1686495519.797,2023-06-11 14:58:39.797,1,1000.0,5.749999993713587,0,10.061790665427903,79161281998,cold_to_warm_disk_process
1686495520.21,2023-06-11 14:58:40.210,1,1000.0,5.749999993713587,0,10.061790665427903,79162259726,cold_to_warm_disk_process
1686495520.603,2023-06-11 14:58:40.603,1,1000.0,5.749999993713587,0,10.061790665427903,79163261647,cold_to_warm_disk_process
1686495520.995,2023-06-11 14:58:40.995,1,1000.0,5.2500000019790605,0,10.066836393250377,79164279315,cold_to_warm_disk_process
1686495521.389,2023-06-11 14:58:41.389,1,1000.0,5.2500000019790605,0,10.066836393250377,79165161721,cold_to_warm_disk_process
1686495521.782,2023-06-11 14:58:41.782,1,1000.0,4.687499994179248,0,10.030919098823261,79166147353,cold_to_warm_disk_process
1686495522.182,2023-06-11 14:58:42.182,1,1000.0,4.687499994179248,0,10.030919098823261,79167207435,cold_to_warm_disk_process
1686495522.582,2023-06-11 14:58:42.582,1,1000.0,4.687499994179248,0,10.030919098823261,79168239858,cold_to_warm_disk_process
1686495522.989,2023-06-11 14:58:42.989,1,1000.0,6.312500004423796,0,10.050370745211342,79169238533,cold_to_warm_disk_process
1686495523.385,2023-06-11 14:58:43.385,1,1000.0,6.312500004423796,0,10.050370745211342,79170194677,cold_to_warm_disk_process
1686495523.783,2023-06-11 14:58:43.783,1,1000.0,5.312500003492474,0,10.035282312737378,79171232343,cold_to_warm_disk_process
1686495524.181,2023-06-11 14:58:44.181,1,1000.0,5.312500003492474,0,10.035282312737378,79172234783,cold_to_warm_disk_process
1686495524.582,2023-06-11 14:58:44.582,1,1000.0,5.312500003492474,0,10.035282312737378,79173249413,cold_to_warm_disk_process
1686495524.972,2023-06-11 14:58:44.972,1,1000.0,4.937500006053597,0,10.000595980894973,79174209812,cold_to_warm_disk_process
1686495525.363,2023-06-11 14:58:45.363,1,1000.0,4.937500006053597,0,10.000595980894973,79175204598,cold_to_warm_disk_process
1686495525.757,2023-06-11 14:58:45.757,1,1000.0,4.937500006053597,0,10.010650873294827,79176196947,cold_to_warm_disk_process
1686495526.151,2023-06-11 14:58:46.151,1,1000.0,3.9374999905703447,0,10.010650873294827,79177196686,cold_to_warm_disk_process
1686495526.546,2023-06-11 14:58:46.546,1,1000.0,3.9374999905703447,0,10.010650873294827,79178213010,cold_to_warm_disk_process
1686495526.94,2023-06-11 14:58:46.940,1,1000.0,6.745049508869414,0,10.019328550129611,79179077208,cold_to_warm_disk_process
1686495527.335,2023-06-11 14:58:47.335,1,1000.0,6.745049508869414,0,10.019328550129611,79180097283,cold_to_warm_disk_process
1686495527.737,2023-06-11 14:58:47.737,1,1000.0,6.745049508869414,0,10.019328550129611,79181102912,cold_to_warm_disk_process
1686495528.134,2023-06-11 14:58:48.134,1,1000.0,8.45959596253573,0,10.005300451763269,79182060725,cold_to_warm_disk_process
1686495528.53,2023-06-11 14:58:48.530,1,1000.0,8.45959596253573,0,10.005300451763269,79183090895,cold_to_warm_disk_process
1686495528.923,2023-06-11 14:58:48.923,1,1000.0,12.5,0,9.94140008709365,79184077593,cold_to_warm_disk_process
1686495529.314,2023-06-11 14:58:49.314,1,1000.0,12.5,0,9.94140008709365,79185065462,cold_to_warm_disk_process
1686495529.775,2023-06-11 14:58:49.775,1,1000.0,14.187500000116415,0,10.014258446810413,79186031764,cold_to_warm_disk_process
1686495530.169,2023-06-11 14:58:50.169,1,1000.0,14.187500000116415,0,10.014258446810413,79187082160,cold_to_warm_disk_process
1686495530.57,2023-06-11 14:58:50.570,1,1000.0,14.187500000116415,0,10.014258446810413,79188083651,cold_to_warm_disk_process
1686495530.964,2023-06-11 14:58:50.964,1,1000.0,14.687499988940544,0,10.026446195173872,79189087187,cold_to_warm_disk_process
1686495531.356,2023-06-11 14:58:51.356,1,1000.0,14.687499988940544,0,10.026446195173872,79190104553,cold_to_warm_disk_process
1686495531.758,2023-06-11 14:58:51.758,1,1000.0,14.687499988940544,0,10.076342836973874,79191036936,cold_to_warm_disk_process
1686495532.156,2023-06-11 14:58:52.156,1,1000.0,14.687500006402843,0,10.076342836973874,79192115347,cold_to_warm_disk_process
1686495532.552,2023-06-11 14:58:52.552,1,1000.0,14.687500006402843,0,10.076342836973874,79193139829,cold_to_warm_disk_process
1686495532.948,2023-06-11 14:58:52.948,1,1000.0,10.125000000698492,0,10.09122407772566,79194149919,cold_to_warm_disk_process
1686495533.349,2023-06-11 14:58:53.349,1,1000.0,10.125000000698492,0,10.09122407772566,79195080550,cold_to_warm_disk_process
1686495533.741,2023-06-11 14:58:53.741,1,1000.0,10.125000000698492,0,10.09122407772566,79196114737,cold_to_warm_disk_process
1686495534.132,2023-06-11 14:58:54.132,1,1000.0,11.0000000015134,0,10.102851189664399,79197120307,cold_to_warm_disk_process
1686495534.536,2023-06-11 14:58:54.536,1,1000.0,11.0000000015134,0,10.102851189664399,79198203189,cold_to_warm_disk_process
1686495534.928,2023-06-11 14:58:54.928,1,1000.0,13.249999997788109,0,10.167153750030012,79199153045,cold_to_warm_disk_process
1686495535.327,2023-06-11 14:58:55.327,1,1000.0,13.249999997788109,0,10.167153750030012,79200092507,cold_to_warm_disk_process
1686494880.2,2023-06-11 14:48:00.200,1,1000.0,0.5624999932478971,0,10.051016695874605,78322377733,cold_to_null_process
1686494880.633,2023-06-11 14:48:00.633,1,1000.0,0.5624999932478971,0,10.051016695874605,78323279957,cold_to_null_process
